{
"type": "FeatureCollection",
"name": "用途地域＋高度地区",
"crs": { "type": "name", "properties": { "name": "urn:ogc:def:crs:EPSG::6674" } },
"features": [
{ "type": "Feature", "properties": { "ID": 180.0, "用途_1": "商業地域", "高度_1": "20m 第4種高度地区", "容積率": 600, "建ぺい": 80 }, "geometry": { "type": "MultiPolygon", "coordinates": [ [ [ [ -22586.307061078354309, -108553.637056624618708 ], [ -22586.3125, -108555.804700000211596 ], [ -22586.929700000211596, -108638.453099999576807 ], [ -22586.548799999989569, -108668.945299999788404 ], [ -22585.252000000327826, -108717.742200000211596 ], [ -22584.640599999576807, -108780.289100000634789 ], [ -22584.574199999682605, -108794.195299999788404 ], [ -22584.390599999576807, -108839.117200000211596 ], [ -22585.484400000423193, -108945.539100000634789 ], [ -22586.386699999682605, -108994.023399999365211 ], [ -22586.638700000010431, -109024.796900000423193 ], [ -22697.113300000317395, -109024.984400000423193 ], [ -22696.871100000105798, -108986.273399999365211 ], [ -22706.585900000296533, -108986.195299999788404 ], [ -22706.033200000412762, -108948.343699999153614 ], [ -22705.988300000317395, -108945.195299999788404 ], [ -22705.785199999809265, -108931.3125 ], [ -22705.357400000095367, -108890.890599999576807 ], [ -22704.607400000095367, -108878.109400000423193 ], [ -22704.607400000095367, -108871.023399999365211 ], [ -22705.460900000296533, -108863.4375 ], [ -22707.5, -108851.734400000423193 ], [ -22707.505900000222027, -108833.773399999365211 ], [ -22705.142599999904633, -108770.5 ], [ -22703.75, -108734.265599999576807 ], [ -22703.443400000222027, -108721.898399999365211 ], [ -22703.535199999809265, -108714.203099999576807 ], [ -22703.318400000222027, -108694.460899999365211 ], [ -22703.105499999597669, -108674.820299999788404 ], [ -22703.279299999587238, -108666.234400000423193 ], [ -22703.642599999904633, -108648.218699999153614 ], [ -22703.731304355093016, -108619.39779256680049 ], [ -22586.307061078354309, -108553.637056624618708 ] ] ] ] } },
{ "type": "Feature", "properties": { "ID": 201.0, "用途_1": "第一種住居地域", "高度_1": "12m 第2種高度地区", "容積率": 200, "建ぺい": 60 }, "geometry": { "type": "MultiPolygon", "coordinates": [ [ [ [ -20912.052995996622485, -108487.38354310572322 ], [ -20851.143707416715188, -108515.463109748336137 ], [ -20851.031200000084937, -108540.421900000423193 ], [ -20846.246100000105798, -108814.085899999365211 ], [ -20845.744099999777973, -108848.632799999788404 ], [ -20844.558600000105798, -108930.148399999365211 ], [ -20905.548799999989569, -108929.859400000423193 ], [ -20925.773400000296533, -108929.765599999576807 ], [ -20925.781200000084937, -108751.203099999576807 ], [ -20927.369099999777973, -108652.25 ], [ -20929.281200000084937, -108570.781199999153614 ], [ -20910.060499999672174, -108570.679700000211596 ], [ -20910.318400000222027, -108540.648399999365211 ], [ -20911.091799999587238, -108505.335899999365211 ], [ -20930.804700000211596, -108505.804700000211596 ], [ -20931.074199999682605, -108494.351600000634789 ], [ -20931.372640932495415, -108480.25614979803504 ], [ -20912.052995996622485, -108487.38354310572322 ] ] ] ] } },
{ "type": "Feature", "properties": { "ID": 484.0, "用途_1": "近隣商業地域", "高度_1": "15m 第3種高度地区", "容積率": 300, "建ぺい": 80 }, "geometry": { "type": "MultiPolygon", "coordinates": [ [ [ [ -22713.798799999989569, -109994.132799999788404 ], [ -22717.060499999672174, -110093.859400000423193 ], [ -22716.193400000222027, -110228.585899999365211 ], [ -22713.533200000412762, -110364.039100000634789 ], [ -22810.458999999798834, -110364.046900000423193 ], [ -22810.611299999989569, -110364.046900000423193 ], [ -22844.753899999894202, -110364.007799999788404 ], [ -22844.906200000084937, -110364.007799999788404 ], [ -22914.992200000211596, -110361.367200000211596 ], [ -22915.144500000402331, -110361.367200000211596 ], [ -22958.894500000402331, -110361.601600000634789 ], [ -22959.044900000095367, -110361.601600000634789 ], [ -22985.593700000084937, -110360.882799999788404 ], [ -22985.746100000105798, -110360.875 ], [ -22998.1875, -110360.523399999365211 ], [ -23101.953099999576807, -110263.343699999153614 ], [ -23157.214800000190735, -110211.585899999365211 ], [ -23180.814500000327826, -110190.507799999788404 ], [ -23230.482400000095367, -110143.679700000211596 ], [ -23253.896499999798834, -110121.609400000423193 ], [ -23297.093700000084937, -110080.882799999788404 ], [ -23312.429700000211596, -110066.421900000423193 ], [ -23388.031200000084937, -109995.148399999365211 ], [ -23339.068400000222027, -109996.421900000423193 ], [ -23331.570299999788404, -109996.617200000211596 ], [ -23282.277300000190735, -109997.890599999576807 ], [ -23189.208999999798834, -109999.617200000211596 ], [ -23117.462899999693036, -110001.265599999576807 ], [ -23051.830099999904633, -110001.6875 ], [ -22922.744099999777973, -110001.257799999788404 ], [ -22850.296900000423193, -109997.945299999788404 ], [ -22777.603500000201166, -109995.898399999365211 ], [ -22713.798799999989569, -109994.132799999788404 ] ] ] ] } },
{ "type": "Feature", "properties": { "ID": 485.0, "用途_1": "第二種住居地域", "高度_1": "12m 第2種高度地区", "容積率": 200, "建ぺい": 60 }, "geometry": { "type": "MultiPolygon", "coordinates": [ [ [ [ -20091.775399999693036, -110079.203099999576807 ], [ -20072.101599999703467, -110080.171900000423193 ], [ -20071.222699999809265, -110076.125 ], [ -20064.359400000423193, -110076.882799999788404 ], [ -20065.667999999597669, -110089.0625 ], [ -20037.039099999703467, -110094.257799999788404 ], [ -20038.664099999703467, -110109.625 ], [ -20042.642599999904633, -110143.898399999365211 ], [ -20062.794900000095367, -110140.945299999788404 ], [ -20061.048799999989569, -110121.109400000423193 ], [ -20106.185499999672174, -110116.632799999788404 ], [ -20106.962899999693036, -110125.976600000634789 ], [ -20123.888700000010431, -110124.226600000634789 ], [ -20125.974600000306964, -110141.3125 ], [ -20130.513700000010431, -110178.5 ], [ -20145.289099999703467, -110176.476600000634789 ], [ -20156.392599999904633, -110238.398399999365211 ], [ -20169.894500000402331, -110236.515599999576807 ], [ -20182.669900000095367, -110234.609400000423193 ], [ -20195.976599999703467, -110233.023399999365211 ], [ -20214.322300000116229, -110230.343699999153614 ], [ -20217.416000000201166, -110261.898399999365211 ], [ -20220.916000000201166, -110261.5625 ], [ -20226.072300000116229, -110310.242200000211596 ], [ -20121.867200000211596, -110330.875 ], [ -20099.765599999576807, -110333.921900000423193 ], [ -20040.927699999883771, -110346.382799999788404 ], [ -20016.283200000412762, -110349.304700000211596 ], [ -20003.343700000084937, -110348.164100000634789 ], [ -20000.050800000317395, -110345.773399999365211 ], [ -19996.777300000190735, -110342.734400000423193 ], [ -19993.849600000306964, -110340.406199999153614 ], [ -19979.566399999894202, -110301.921900000423193 ], [ -19978.300800000317395, -110298.257799999788404 ], [ -19969.548799999989569, -110299.6875 ], [ -19963.648400000296533, -110301.203099999576807 ], [ -19939.316399999894202, -110311.289100000634789 ], [ -19926.628899999894202, -110317.789100000634789 ], [ -19943.5, -110367.218699999153614 ], [ -19951.925800000317395, -110386.421900000423193 ], [ -19956.894500000402331, -110397.718699999153614 ], [ -19959.787100000306964, -110400.804700000211596 ], [ -19969.054700000211596, -110410.671900000423193 ], [ -19985.685499999672174, -110416.554700000211596 ], [ -19999.291000000201166, -110423.273399999365211 ], [ -20001.091799999587238, -110425.796900000423193 ], [ -20003.939500000327826, -110430.617200000211596 ], [ -20015.419900000095367, -110429.570299999788404 ], [ -20023.578099999576807, -110427.960899999365211 ], [ -20054.912100000306964, -110421.742200000211596 ], [ -20089.058600000105798, -110414.492200000211596 ], [ -20082.267599999904633, -110379.320299999788404 ], [ -20175.142599999904633, -110358.125 ], [ -20179.872999999672174, -110357.070299999788404 ], [ -20215.222699999809265, -110349.210899999365211 ], [ -20240.451200000010431, -110343.953099999576807 ], [ -20254.148400000296533, -110379.757799999788404 ], [ -20259.179700000211596, -110392.898399999365211 ], [ -20264.607400000095367, -110397.359400000423193 ], [ -20261.423799999989569, -110371.515599999576807 ], [ -20249.140599999576807, -110291.226600000634789 ], [ -20249.191300000064075, -110291.219200000166893 ], [ -20249.18030000012368, -110291.147199999541044 ], [ -20253.767799999564886, -110290.47440000064671 ], [ -20243.857400000095367, -110196.601600000634789 ], [ -20243.357400000095367, -110192.976600000634789 ], [ -20242.890599999576807, -110188.242200000211596 ], [ -20226.294900000095367, -110159.125 ], [ -20204.384800000116229, -110131.148399999365211 ], [ -20184.634800000116229, -110105.9375 ], [ -20157.869099999777973, -110073.109400000423193 ], [ -20146.357400000095367, -110061.007799999788404 ], [ -20132.281200000084937, -110046.234400000423193 ], [ -20129.529299999587238, -110043.796900000423193 ], [ -20105.796900000423193, -110069.148399999365211 ], [ -20098.667999999597669, -110075.1875 ], [ -20091.775399999693036, -110079.203099999576807 ] ] ] ] } },
{ "type": "Feature", "properties": { "ID": 493.0, "用途_1": "商業地域", "高度_1": "12m 第4種高度地区", "容積率": 600, "建ぺい": 80 }, "geometry": { "type": "MultiPolygon", "coordinates": [ [ [ [ -20822.406200000084937, -110448.843699999153614 ], [ -20788.363300000317395, -110449.148399999365211 ], [ -20786.210900000296533, -110449.078099999576807 ], [ -20766.896499999798834, -110449.492200000211596 ], [ -20771.140599999576807, -110500.273399999365211 ], [ -20780.275399999693036, -110532.054700000211596 ], [ -20792.142599999904633, -110531.414100000634789 ], [ -20799.261699999682605, -110531.75 ], [ -20824.675800000317395, -110532.953099999576807 ], [ -20858.818400000222027, -110533.4375 ], [ -20870.997999999672174, -110533.609400000423193 ], [ -20896.515599999576807, -110533.968699999153614 ], [ -20905.046900000423193, -110534.085899999365211 ], [ -20904.820299999788404, -110533.179700000211596 ], [ -20904.595700000412762, -110532.265599999576807 ], [ -20950.837899999693036, -110533.476600000634789 ], [ -20950.886699999682605, -110533.476600000634789 ], [ -20950.718700000084937, -110523.820299999788404 ], [ -20949.640599999576807, -110480.656199999153614 ], [ -20936.658200000412762, -110481.054700000211596 ], [ -20921.802699999883771, -110480.617200000211596 ], [ -20921.792999999597669, -110480.593699999153614 ], [ -20918.642599999904633, -110459.234400000423193 ], [ -20916.775399999693036, -110450.648399999365211 ], [ -20916.744099999777973, -110450.460899999365211 ], [ -20916.146499999798834, -110450.453099999576807 ], [ -20902.271499999798834, -110450.023399999365211 ], [ -20883.691399999894202, -110449.75 ], [ -20822.406200000084937, -110448.843699999153614 ] ] ] ] } },
{ "type": "Feature", "properties": { "ID": 494.0, "用途_1": "商業地域", "高度_1": "15m 第4種高度地区", "容積率": 600, "建ぺい": 80 }, "geometry": { "type": "MultiPolygon", "coordinates": [ [ [ [ -20492.189500000327826, -110449.203099999576807 ], [ -20431.886699999682605, -110449.867200000211596 ], [ -20409.238300000317395, -110450.5625 ], [ -20382.898400000296533, -110452.679700000211596 ], [ -20354.164099999703467, -110455.101600000634789 ], [ -20314.799499999731779, -110458.414100000634789 ], [ -20321.770200000144541, -110467.865900000557303 ], [ -20325.283800000324845, -110472.623700000345707 ], [ -20344.447900000028312, -110540.928400000557303 ], [ -20417.24280000012368, -110535.06900000013411 ], [ -20447.068599999882281, -110533.891200000420213 ], [ -20446.427699999883771, -110528.656199999153614 ], [ -20498.800800000317395, -110524.773399999365211 ], [ -20498.802699999883771, -110501.367200000211596 ], [ -20521.872999999672174, -110501.390599999576807 ], [ -20538.238300000317395, -110501.226600000634789 ], [ -20538.246100000105798, -110523.757799999788404 ], [ -20599.533200000412762, -110522.210899999365211 ], [ -20599.476599999703467, -110528.203099999576807 ], [ -20600.148400000296533, -110531.398399999365211 ], [ -20625.585900000296533, -110531.523399999365211 ], [ -20659.351599999703467, -110532.304700000211596 ], [ -20708.929700000211596, -110532.375 ], [ -20717.582000000402331, -110532.351600000634789 ], [ -20780.275399999693036, -110532.054700000211596 ], [ -20771.140599999576807, -110500.273399999365211 ], [ -20766.896499999798834, -110449.492200000211596 ], [ -20748.4375, -110449.5 ], [ -20718.845700000412762, -110449.617200000211596 ], [ -20713.357400000095367, -110449.593699999153614 ], [ -20703.796900000423193, -110449.539100000634789 ], [ -20537.9375, -110448.921900000423193 ], [ -20516.039099999703467, -110449.054700000211596 ], [ -20492.189500000327826, -110449.203099999576807 ] ] ] ] } },
{ "type": "Feature", "properties": { "ID": 495.0, "用途_1": "商業地域", "高度_1": "15m 第4種高度地区", "容積率": 600, "建ぺい": 80 }, "geometry": { "type": "MultiPolygon", "coordinates": [ [ [ [ -20916.744099999777973, -110450.460899999365211 ], [ -20916.775399999693036, -110450.648399999365211 ], [ -20918.642599999904633, -110459.234400000423193 ], [ -20921.792999999597669, -110480.593699999153614 ], [ -20921.802699999883771, -110480.617200000211596 ], [ -20936.658200000412762, -110481.054700000211596 ], [ -20949.640599999576807, -110480.656199999153614 ], [ -20948.898400000296533, -110450.945299999788404 ], [ -20916.744099999777973, -110450.460899999365211 ] ] ] ] } },
{ "type": "Feature", "properties": { "ID": 248.0, "用途_1": "第二種住居地域", "高度_1": "15m 第2種高度地区", "容積率": 200, "建ぺい": 60 }, "geometry": { "type": "MultiPolygon", "coordinates": [ [ [ [ -22585.400860205892968, -108553.129559751556371 ], [ -22442.786725456982822, -108487.38354310572322 ], [ -22379.981938795710448, -108464.213634050654946 ], [ -22380.660199999809265, -108557.671900000423193 ], [ -22380.904299999587238, -108628.453099999576807 ], [ -22380.863300000317395, -108696.867200000211596 ], [ -22358.216799999587238, -108697.492200000211596 ], [ -22358.335900000296533, -108728.390599999576807 ], [ -22358.330099999904633, -108780.9375 ], [ -22358.443400000222027, -108845.976600000634789 ], [ -22358.185499999672174, -108915.906199999153614 ], [ -22357.619099999777973, -108945.601600000634789 ], [ -22417.726599999703467, -108945.664100000634789 ], [ -22421.252000000327826, -108945.671900000423193 ], [ -22580.945299999788404, -108945.695299999788404 ], [ -22585.484400000423193, -108945.539100000634789 ], [ -22584.390599999576807, -108839.117200000211596 ], [ -22584.574199999682605, -108794.195299999788404 ], [ -22584.640599999576807, -108780.289100000634789 ], [ -22585.252000000327826, -108717.742200000211596 ], [ -22586.548799999989569, -108668.945299999788404 ], [ -22586.929700000211596, -108638.453099999576807 ], [ -22586.3125, -108555.804700000211596 ], [ -22586.307061078354309, -108553.637056624618708 ], [ -22585.400860205892968, -108553.129559751556371 ] ] ], [ [ [ -22144.310588438609557, -108390.40276733294013 ], [ -21997.740863940376585, -108361.248236446816009 ], [ -21998.136699999682605, -108403.328099999576807 ], [ -21996.724600000306964, -108485.890599999576807 ], [ -21998.894500000402331, -108689.968699999153614 ], [ -21999.894500000402331, -108714.859400000423193 ], [ -21998.392599999904633, -108831.601600000634789 ], [ -21998.144500000402331, -108839.3125 ], [ -21997.068400000222027, -108948.179700000211596 ], [ -22078.898400000296533, -108945.164100000634789 ], [ -22085.296900000423193, -108944.968699999153614 ], [ -22106.294900000095367, -108944.453099999576807 ], [ -22147.910199999809265, -108944.203099999576807 ], [ -22219.531200000084937, -108944.171900000423193 ], [ -22220.449199999682605, -108894.156199999153614 ], [ -22222.494099999777973, -108771.320299999788404 ], [ -22223.669900000095367, -108701.179700000211596 ], [ -22219.890599999576807, -108701.281199999153614 ], [ -22158.855499999597669, -108700.156199999153614 ], [ -22157.220700000412762, -108566.632799999788404 ], [ -22157.220700000412762, -108541.390599999576807 ], [ -22156.904299999587238, -108410.890599999576807 ], [ -22215.545557176352304, -108410.493106320078368 ], [ -22144.310588438609557, -108390.40276733294013 ] ] ] ] } },
{ "type": "Feature", "properties": { "ID": 254.0, "用途_1": "第二種住居地域", "高度_1": "15m 第1種高度地区", "容積率": 200, "建ぺい": 60 }, "geometry": { "type": "MultiPolygon", "coordinates": [ [ [ [ -21834.338052182491083, -108341.307940662038163 ], [ -21677.419860726800835, -108335.142608128298889 ], [ -21520.501669271110586, -108341.307940662038163 ], [ -21364.550930646339111, -108359.765926938023767 ], [ -21258.100428761215881, -108380.940248276747297 ], [ -21249.642599999904633, -108690.976600000634789 ], [ -21248.728500000201166, -108712.289100000634789 ], [ -21244.470700000412762, -108943.976600000634789 ], [ -21233.216799999587238, -108945.460899999365211 ], [ -21234.583999999798834, -108981.429700000211596 ], [ -21355.804700000211596, -108981.226600000634789 ], [ -21502.919900000095367, -108981.218699999153614 ], [ -21671.335900000296533, -108981.421900000423193 ], [ -21787.877000000327826, -108982.453099999576807 ], [ -21901.855499999597669, -108984.039100000634789 ], [ -21961.966799999587238, -108985.242200000211596 ], [ -21962.306599999777973, -108949.257799999788404 ], [ -21963.117200000211596, -108862.882799999788404 ], [ -21964.419900000095367, -108734.804700000211596 ], [ -21963.121100000105798, -108622.093699999153614 ], [ -21962.247999999672174, -108484.484400000423193 ], [ -21962.033200000412762, -108365.75 ], [ -21961.966150296717387, -108356.413721527176676 ], [ -21834.338052182491083, -108341.307940662038163 ] ] ] ] } },
{ "type": "Feature", "properties": { "ID": 337.0, "用途_1": "商業地域", "高度_1": "31m 第1種高度地区", "容積率": 600, "建ぺい": 80 }, "geometry": { "type": "MultiPolygon", "coordinates": [ [ [ [ -22220.449199999682605, -108894.156199999153614 ], [ -22260.642599999904633, -108893.789100000634789 ], [ -22285.390599999576807, -108893.789100000634789 ], [ -22285.640599999576807, -108770.882799999788404 ], [ -22260.673799999989569, -108771.0 ], [ -22222.494099999777973, -108771.320299999788404 ], [ -22220.449199999682605, -108894.156199999153614 ] ] ] ] } },
{ "type": "Feature", "properties": { "ID": 340.0, "用途_1": "商業地域", "高度_1": "20m 第4種高度地区", "容積率": 400, "建ぺい": 80 }, "geometry": { "type": "MultiPolygon", "coordinates": [ [ [ [ -21120.570299999788404, -108932.4375 ], [ -21107.394500000402331, -108883.6875 ], [ -21102.398400000296533, -108845.382799999788404 ], [ -21093.488300000317395, -108778.945299999788404 ], [ -21088.320299999788404, -108779.5 ], [ -21052.693400000222027, -108783.320299999788404 ], [ -21054.962899999693036, -108800.757799999788404 ], [ -21019.255900000222027, -108803.5 ], [ -21020.095700000412762, -108929.835899999365211 ], [ -20991.113300000317395, -108929.679700000211596 ], [ -20991.375, -108940.351600000634789 ], [ -20968.058600000105798, -108941.156199999153614 ], [ -20968.294900000095367, -108975.164100000634789 ], [ -20967.027300000190735, -109023.351600000634789 ], [ -20966.662100000306964, -109066.0625 ], [ -21019.810499999672174, -109065.070299999788404 ], [ -21020.988300000317395, -109302.164100000634789 ], [ -20949.355499999597669, -109302.6875 ], [ -20932.224600000306964, -109440.257799999788404 ], [ -20931.189500000327826, -109445.6875 ], [ -20983.615199999883771, -109444.132799999788404 ], [ -20982.472699999809265, -109545.414100000634789 ], [ -20977.908200000412762, -109570.265599999576807 ], [ -20975.689500000327826, -109642.695299999788404 ], [ -21044.378899999894202, -109643.007799999788404 ], [ -21043.646499999798834, -109568.445299999788404 ], [ -21041.984400000423193, -109467.671900000423193 ], [ -21042.277300000190735, -109428.453099999576807 ], [ -21046.902300000190735, -109305.359400000423193 ], [ -21047.089800000190735, -109301.359400000423193 ], [ -21048.035199999809265, -109193.859400000423193 ], [ -21048.042999999597669, -109189.093699999153614 ], [ -21048.878899999894202, -109153.328099999576807 ], [ -21045.472699999809265, -109080.617200000211596 ], [ -21042.357400000095367, -109045.859400000423193 ], [ -21030.613300000317395, -108966.484400000423193 ], [ -21122.326200000010431, -108973.828099999576807 ], [ -21120.570299999788404, -108932.4375 ] ] ] ] } },
{ "type": "Feature", "properties": { "ID": 501.0, "用途_1": "商業地域", "高度_1": "12m 第4種高度地区", "容積率": 600, "建ぺい": 80 }, "geometry": { "type": "MultiPolygon", "coordinates": [ [ [ [ -20538.238300000317395, -110501.226600000634789 ], [ -20521.872999999672174, -110501.390599999576807 ], [ -20498.802699999883771, -110501.367200000211596 ], [ -20498.800800000317395, -110524.773399999365211 ], [ -20446.427699999883771, -110528.656199999153614 ], [ -20447.068599999882281, -110533.891200000420213 ], [ -20447.11780000012368, -110533.889299999922514 ], [ -20448.219399999827147, -110533.842499999329448 ], [ -20448.215599999763072, -110533.910700000822544 ], [ -20454.783200000412762, -110531.867200000211596 ], [ -20600.148400000296533, -110531.398399999365211 ], [ -20599.476599999703467, -110528.203099999576807 ], [ -20599.533200000412762, -110522.210899999365211 ], [ -20538.246100000105798, -110523.757799999788404 ], [ -20538.238300000317395, -110501.226600000634789 ] ] ] ] } },
{ "type": "Feature", "properties": { "ID": 506.0, "用途_1": "商業地域", "高度_1": "12m 第4種高度地区", "容積率": 400, "建ぺい": 80 }, "geometry": { "type": "MultiPolygon", "coordinates": [ [ [ [ -20454.783200000412762, -110531.867200000211596 ], [ -20448.215599999763072, -110533.910700000822544 ], [ -20447.875599999912083, -110540.053400000557303 ], [ -20452.619800000451505, -110578.842499999329448 ], [ -20452.572399999946356, -110578.859099999070168 ], [ -20452.580099999904633, -110578.921900000423193 ], [ -20439.529299999587238, -110583.5 ], [ -20436.085900000296533, -110584.781199999153614 ], [ -20433.127000000327826, -110586.046900000423193 ], [ -20363.992200000211596, -110615.5 ], [ -20361.839999999850988, -110615.858999999240041 ], [ -20364.010400000028312, -110632.451799999922514 ], [ -20366.600200000219047, -110648.951799999922514 ], [ -20367.326799999922514, -110653.279999999329448 ], [ -20368.38150000013411, -110660.06900000013411 ], [ -20372.045599999837577, -110689.00650000013411 ], [ -20383.020200000144541, -110724.529999999329448 ], [ -20383.975200000219047, -110727.0456000007689 ], [ -20386.785799999721348, -110754.5456000007689 ], [ -20387.908800000324845, -110768.514299999922514 ], [ -20389.924499999731779, -110788.248700000345707 ], [ -20390.807300000451505, -110790.904999999329448 ], [ -20398.715499999932945, -110810.529999999329448 ], [ -20403.47719999961555, -110823.201799999922514 ], [ -20419.53969999961555, -110823.100299999117851 ], [ -20420.875599999912083, -110829.475299999117851 ], [ -20442.537700000219047, -110829.725299999117851 ], [ -20442.322900000028312, -110838.50650000013411 ], [ -20565.254499999806285, -110836.69400000013411 ], [ -20568.020200000144541, -110836.623700000345707 ], [ -20568.531899999827147, -110840.990900000557303 ], [ -20568.483000000007451, -110840.992200000211596 ], [ -20568.492200000211596, -110841.070299999788404 ], [ -20518.48340000025928, -110842.36570000089705 ], [ -20526.53969999961555, -110877.334699999541044 ], [ -20536.022300000302494, -110875.858500000089407 ], [ -20531.677699999883771, -110851.882799999788404 ], [ -20585.982400000095367, -110850.351600000634789 ], [ -20581.089800000190735, -110820.484400000423193 ], [ -20570.355499999597669, -110754.945299999788404 ], [ -20569.900399999693036, -110752.171900000423193 ], [ -20628.945299999788404, -110743.75 ], [ -20647.855499999597669, -110739.804700000211596 ], [ -20677.093700000084937, -110734.117200000211596 ], [ -20717.734400000423193, -110726.218699999153614 ], [ -20719.931599999777973, -110739.593699999153614 ], [ -20729.601599999703467, -110793.593699999153614 ], [ -20725.119099999777973, -110794.335899999365211 ], [ -20731.318400000222027, -110823.523399999365211 ], [ -20750.964800000190735, -110919.765599999576807 ], [ -20753.455099999904633, -110933.656199999153614 ], [ -20755.531200000084937, -110945.242200000211596 ], [ -20756.496100000105798, -110950.0625 ], [ -20758.697300000116229, -110969.117200000211596 ], [ -20764.683600000105798, -111013.093699999153614 ], [ -20765.002000000327826, -111017.164100000634789 ], [ -20765.128899999894202, -111018.789100000634789 ], [ -20768.677699999883771, -111043.539100000634789 ], [ -20798.607400000095367, -111039.242200000211596 ], [ -20806.736299999989569, -111042.703099999576807 ], [ -20885.111299999989569, -111028.578099999576807 ], [ -20887.470700000412762, -111037.835899999365211 ], [ -20922.089800000190735, -111030.984400000423193 ], [ -20928.896499999798834, -111053.507799999788404 ], [ -20930.314500000327826, -111075.445299999788404 ], [ -20932.927699999883771, -111110.117200000211596 ], [ -20936.177699999883771, -111127.367200000211596 ], [ -20950.515599999576807, -111123.546900000423193 ], [ -20960.359400000423193, -111163.851600000634789 ], [ -20979.789099999703467, -111159.843699999153614 ], [ -20974.304700000211596, -111137.796900000423193 ], [ -20995.675800000317395, -111130.109400000423193 ], [ -20993.597699999809265, -111124.375 ], [ -20998.107400000095367, -111122.531199999153614 ], [ -21083.912100000306964, -111354.382799999788404 ], [ -21092.396499999798834, -111352.265599999576807 ], [ -21106.271499999798834, -111349.859400000423193 ], [ -21204.410199999809265, -111332.851600000634789 ], [ -21226.324199999682605, -111329.054700000211596 ], [ -21228.917999999597669, -111328.609400000423193 ], [ -21223.531200000084937, -111292.289100000634789 ], [ -21217.333999999798834, -111257.125 ], [ -21213.605499999597669, -111233.9375 ], [ -21204.822300000116229, -111181.882799999788404 ], [ -21204.150399999693036, -111178.6875 ], [ -21201.875, -111164.273399999365211 ], [ -21200.023400000296533, -111152.890599999576807 ], [ -21193.273400000296533, -111118.742200000211596 ], [ -21192.765599999576807, -111114.9375 ], [ -21191.980499999597669, -111111.539100000634789 ], [ -21190.958999999798834, -111107.703099999576807 ], [ -21189.675800000317395, -111103.601600000634789 ], [ -21186.627000000327826, -111095.210899999365211 ], [ -21181.589800000190735, -111084.132799999788404 ], [ -21162.839800000190735, -111042.632799999788404 ], [ -21156.634800000116229, -111028.328099999576807 ], [ -21111.384800000116229, -110920.078099999576807 ], [ -21109.806599999777973, -110916.382799999788404 ], [ -21077.740199999883771, -110836.070299999788404 ], [ -21068.656200000084937, -110814.367200000211596 ], [ -21064.646499999798834, -110804.070299999788404 ], [ -21041.716799999587238, -110752.914100000634789 ], [ -21038.380900000222027, -110745.578099999576807 ], [ -21032.855499999597669, -110734.226600000634789 ], [ -21030.074199999682605, -110729.421900000423193 ], [ -21027.531200000084937, -110724.843699999153614 ], [ -21024.958999999798834, -110721.242200000211596 ], [ -21015.699199999682605, -110708.726600000634789 ], [ -21013.492200000211596, -110706.843699999153614 ], [ -21002.523400000296533, -110694.625 ], [ -20996.058600000105798, -110687.914100000634789 ], [ -20986.783200000412762, -110678.390599999576807 ], [ -20980.492200000211596, -110670.046900000423193 ], [ -20963.820299999788404, -110649.257799999788404 ], [ -20961.685499999672174, -110646.335899999365211 ], [ -20956.023400000296533, -110635.109400000423193 ], [ -20952.622999999672174, -110626.273399999365211 ], [ -20951.720700000412762, -110623.382799999788404 ], [ -20951.314500000327826, -110620.414100000634789 ], [ -20950.712899999693036, -110612.320299999788404 ], [ -20951.5, -110569.031199999153614 ], [ -20950.886699999682605, -110533.476600000634789 ], [ -20950.837899999693036, -110533.476600000634789 ], [ -20904.595700000412762, -110532.265599999576807 ], [ -20904.820299999788404, -110533.179700000211596 ], [ -20905.046900000423193, -110534.085899999365211 ], [ -20896.515599999576807, -110533.968699999153614 ], [ -20870.997999999672174, -110533.609400000423193 ], [ -20858.818400000222027, -110533.4375 ], [ -20824.675800000317395, -110532.953099999576807 ], [ -20799.261699999682605, -110531.75 ], [ -20792.142599999904633, -110531.414100000634789 ], [ -20780.275399999693036, -110532.054700000211596 ], [ -20717.582000000402331, -110532.351600000634789 ], [ -20708.929700000211596, -110532.375 ], [ -20659.351599999703467, -110532.304700000211596 ], [ -20625.585900000296533, -110531.523399999365211 ], [ -20600.148400000296533, -110531.398399999365211 ], [ -20454.783200000412762, -110531.867200000211596 ] ] ] ] } },
{ "type": "Feature", "properties": { "ID": 510.0, "用途_1": "近隣商業地域", "高度_1": "20m 第3種高度地区", "容積率": 200, "建ぺい": 80 }, "geometry": { "type": "MultiPolygon", "coordinates": [ [ [ [ -23633.612300280532509, -110744.457233814624487 ], [ -23619.980499999597669, -110744.742200000211596 ], [ -23599.171900000423193, -110745.179700000211596 ], [ -23581.701200000010431, -110745.554700000211596 ], [ -23576.224600000306964, -110800.484400000423193 ], [ -23619.882799999788404, -110800.765599999576807 ], [ -23622.422574230145983, -110800.711785493826028 ], [ -23633.612300280532509, -110744.457233814624487 ] ] ] ] } },
{ "type": "Feature", "properties": { "ID": 512.0, "用途_1": "準工業地域", "高度_1": "20m 第3種高度地区", "容積率": 200, "建ぺい": 60 }, "geometry": { "type": "MultiPolygon", "coordinates": [ [ [ [ -23525.178925749372866, -111100.509472858480876 ], [ -23579.532893317107664, -110953.176596878198325 ], [ -23622.159701522152318, -110802.033335840111249 ], [ -23622.422574230145983, -110800.711785493826028 ], [ -23619.882799999788404, -110800.765599999576807 ], [ -23576.224600000306964, -110800.484400000423193 ], [ -23581.701200000010431, -110745.554700000211596 ], [ -23599.171900000423193, -110745.179700000211596 ], [ -23619.980499999597669, -110744.742200000211596 ], [ -23633.612300280532509, -110744.457233814624487 ], [ -23652.796541917075956, -110648.011538208767888 ], [ -23664.619387904629548, -110548.120816824637586 ], [ -23590.630900000222027, -110549.257799999788404 ], [ -23494.607400000095367, -110550.742200000211596 ], [ -23457.505900000222027, -110551.953099999576807 ], [ -23381.105499999597669, -110552.367200000211596 ], [ -23331.1875, -110552.195299999788404 ], [ -23256.531200000084937, -110552.335899999365211 ], [ -23179.443400000222027, -110552.507799999788404 ], [ -23163.525399999693036, -110553.703099999576807 ], [ -23038.691399999894202, -110551.203099999576807 ], [ -23037.902300000190735, -110576.546900000423193 ], [ -23037.164099999703467, -110591.0625 ], [ -23036.0625, -110610.0625 ], [ -23036.0625, -110637.984400000423193 ], [ -22989.578099999576807, -110638.0625 ], [ -22989.425800000317395, -110638.0625 ], [ -22949.330099999904633, -110638.367200000211596 ], [ -22949.179700000211596, -110638.367200000211596 ], [ -22948.339800000190735, -110653.320299999788404 ], [ -22941.820299999788404, -110769.625 ], [ -22936.275399999693036, -110892.554700000211596 ], [ -22936.060499999672174, -110903.554700000211596 ], [ -22933.806599999777973, -111041.710899999365211 ], [ -22932.777300000190735, -111261.539100000634789 ], [ -23046.322300000116229, -111265.125 ], [ -23177.199199999682605, -111269.265599999576807 ], [ -23200.0625, -111271.007799999788404 ], [ -23327.572300000116229, -111274.078099999576807 ], [ -23411.408200000412762, -111276.093699999153614 ], [ -23405.433600000105798, -111174.875 ], [ -23490.895948161418346, -111174.875 ], [ -23525.178925749372866, -111100.509472858480876 ] ] ] ] } },
{ "type": "Feature", "properties": { "ID": 514.0, "用途_1": "第二種住居地域", "高度_1": "12m 第2種高度地区", "容積率": 200, "建ぺい": 60 }, "geometry": { "type": "MultiPolygon", "coordinates": [ [ [ [ -19829.660795704228804, -111100.509472858480876 ], [ -19895.406812350065593, -111243.123607607398299 ], [ -19972.139532018616592, -111380.139737560195499 ], [ -20059.385871976905037, -111510.713112713245209 ], [ -20156.60792952673728, -111634.038704788661562 ], [ -20263.206298353707098, -111749.356170501399902 ], [ -20302.200329027295084, -111785.40188168748864 ], [ -20306.570299999788404, -111784.054700000211596 ], [ -20342.398400000296533, -111774.078099999576807 ], [ -20345.763700000010431, -111773.335899999365211 ], [ -20353.195299999788404, -111765.882799999788404 ], [ -20356.593700000084937, -111761.406199999153614 ], [ -20365.015599999576807, -111745.296900000423193 ], [ -20389.347699999809265, -111739.718699999153614 ], [ -20423.724600000306964, -111732.5625 ], [ -20472.232400000095367, -111722.085899999365211 ], [ -20508.105499999597669, -111714.617200000211596 ], [ -20482.263700000010431, -111673.421900000423193 ], [ -20480.486299999989569, -111671.039100000634789 ], [ -20477.740199999883771, -111666.234400000423193 ], [ -20467.511699999682605, -111649.914100000634789 ], [ -20465.830099999904633, -111647.523399999365211 ], [ -20437.595700000412762, -111603.0 ], [ -20431.513700000010431, -111593.406199999153614 ], [ -20456.166000000201166, -111571.453099999576807 ], [ -20430.804700000211596, -111532.195299999788404 ], [ -20400.835900000296533, -111528.0625 ], [ -20381.917999999597669, -111521.648399999365211 ], [ -20378.502000000327826, -111504.757799999788404 ], [ -20377.455099999904633, -111499.140599999576807 ], [ -20376.072300000116229, -111491.718699999153614 ], [ -20375.252000000327826, -111488.3125 ], [ -20373.943400000222027, -111481.585899999365211 ], [ -20370.531200000084937, -111464.093699999153614 ], [ -20368.882799999788404, -111455.492200000211596 ], [ -20366.335900000296533, -111442.234400000423193 ], [ -20359.976599999703467, -111409.218699999153614 ], [ -20352.316399999894202, -111369.0625 ], [ -20343.121100000105798, -111322.554700000211596 ], [ -20334.640599999576807, -111276.101600000634789 ], [ -20334.255900000222027, -111272.921900000423193 ], [ -20330.054700000211596, -111250.101600000634789 ], [ -20326.765599999576807, -111231.828099999576807 ], [ -20326.242200000211596, -111228.945299999788404 ], [ -20323.880900000222027, -111215.523399999365211 ], [ -20322.246100000105798, -111206.703099999576807 ], [ -20320.728500000201166, -111197.710899999365211 ], [ -20319.006400000303984, -111187.542899999767542 ], [ -20319.026999999769032, -111187.051999999210238 ], [ -20318.866499999538064, -111183.589800000190735 ], [ -20318.535799999721348, -111180.547100000083447 ], [ -20315.525500000454485, -111164.719799999147654 ], [ -20315.291799999773502, -111163.778799999505281 ], [ -20308.924800000153482, -111130.302600000053644 ], [ -20308.676099999807775, -111128.424100000411272 ], [ -20306.771099999547005, -111125.884099999442697 ], [ -20297.34429999999702, -111075.850099999457598 ], [ -20296.190000000409782, -111064.880000000819564 ], [ -20290.884399999864399, -111028.631300000473857 ], [ -20290.935100000351667, -111028.627100000157952 ], [ -20290.925800000317395, -111028.563300000503659 ], [ -20287.017599999904633, -111028.828099999576807 ], [ -20283.921900000423193, -111029.296900000423193 ], [ -20279.582000000402331, -111029.007799999788404 ], [ -20264.255900000222027, -111030.843699999153614 ], [ -20260.693400000222027, -111031.171900000423193 ], [ -20231.359400000423193, -111033.789100000634789 ], [ -20214.980499999597669, -111034.976600000634789 ], [ -20192.369099999777973, -111036.617200000211596 ], [ -20191.253899999894202, -111025.164100000634789 ], [ -20189.798799999989569, -110999.695299999788404 ], [ -20136.179700000211596, -111000.718699999153614 ], [ -20125.431599999777973, -110999.796900000423193 ], [ -20124.375, -110973.421900000423193 ], [ -20122.916000000201166, -110936.968699999153614 ], [ -20122.158200000412762, -110922.796900000423193 ], [ -20122.349600000306964, -110919.453099999576807 ], [ -20118.865199999883771, -110879.656199999153614 ], [ -20115.863300000317395, -110837.367200000211596 ], [ -20113.386699999682605, -110810.140599999576807 ], [ -20110.662100000306964, -110754.414100000634789 ], [ -20111.433600000105798, -110732.515599999576807 ], [ -20110.779299999587238, -110706.992200000211596 ], [ -20115.386699999682605, -110706.992200000211596 ], [ -20122.964800000190735, -110706.257799999788404 ], [ -20127.466799999587238, -110705.710899999365211 ], [ -20133.804700000211596, -110704.554700000211596 ], [ -20151.326200000010431, -110702.054700000211596 ], [ -20165.539099999703467, -110699.101600000634789 ], [ -20183.826200000010431, -110696.804700000211596 ], [ -20188.119099999777973, -110695.976600000634789 ], [ -20213.747999999672174, -110693.554700000211596 ], [ -20217.138700000010431, -110653.375 ], [ -20217.523400000296533, -110632.906199999153614 ], [ -20217.951200000010431, -110610.218699999153614 ], [ -20211.576200000010431, -110610.25 ], [ -20208.722699999809265, -110610.125 ], [ -20207.933600000105798, -110580.539100000634789 ], [ -20207.833999999798834, -110576.328099999576807 ], [ -20196.095700000412762, -110575.554700000211596 ], [ -20133.247999999672174, -110571.703099999576807 ], [ -20129.960900000296533, -110571.507799999788404 ], [ -20104.6875, -110561.046900000423193 ], [ -20077.747999999672174, -110559.289100000634789 ], [ -20063.912100000306964, -110558.226600000634789 ], [ -20036.263700000010431, -110556.3125 ], [ -20026.982400000095367, -110555.734400000423193 ], [ -20019.037100000306964, -110587.968699999153614 ], [ -20018.189500000327826, -110590.898399999365211 ], [ -20017.449199999682605, -110594.5 ], [ -20016.945299999788404, -110596.953099999576807 ], [ -20016.988300000317395, -110605.156199999153614 ], [ -20018.302699999883771, -110612.164100000634789 ], [ -20020.966799999587238, -110625.507799999788404 ], [ -20022.351599999703467, -110632.742200000211596 ], [ -20023.546900000423193, -110640.382799999788404 ], [ -20020.730499999597669, -110640.210899999365211 ], [ -20011.011699999682605, -110640.015599999576807 ], [ -20005.558600000105798, -110640.289100000634789 ], [ -20001.896499999798834, -110640.601600000634789 ], [ -19996.642599999904633, -110641.257799999788404 ], [ -19986.835900000296533, -110642.445299999788404 ], [ -19979.660199999809265, -110643.382799999788404 ], [ -19974.953099999576807, -110644.023399999365211 ], [ -19972.072300000116229, -110644.3125 ], [ -19966.384800000116229, -110644.906199999153614 ], [ -19963.052699999883771, -110645.265599999576807 ], [ -19953.837899999693036, -110646.3125 ], [ -19949.349600000306964, -110646.820299999788404 ], [ -19939.644500000402331, -110647.828099999576807 ], [ -19932.681599999777973, -110648.515599999576807 ], [ -19929.445299999788404, -110648.781199999153614 ], [ -19919.537100000306964, -110649.640599999576807 ], [ -19914.849600000306964, -110650.101600000634789 ], [ -19907.246100000105798, -110650.609400000423193 ], [ -19902.916000000201166, -110650.906199999153614 ], [ -19892.236299999989569, -110651.718699999153614 ], [ -19890.039099999703467, -110660.718699999153614 ], [ -19889.042999999597669, -110664.648399999365211 ], [ -19888.419900000095367, -110667.101600000634789 ], [ -19886.271499999798834, -110676.265599999576807 ], [ -19884.894500000402331, -110682.648399999365211 ], [ -19882.253899999894202, -110697.179700000211596 ], [ -19879.951200000010431, -110713.351600000634789 ], [ -19878.578099999576807, -110730.281199999153614 ], [ -19843.589800000190735, -110729.656199999153614 ], [ -19843.074199999682605, -110764.210899999365211 ], [ -19844.917999999597669, -110769.992200000211596 ], [ -19840.625, -110773.25 ], [ -19848.083999999798834, -110783.445299999788404 ], [ -19849.910199999809265, -110784.078099999576807 ], [ -19855.628899999894202, -110781.585899999365211 ], [ -19860.460900000296533, -110783.984400000423193 ], [ -19867.945299999788404, -110780.601600000634789 ], [ -19892.636699999682605, -110765.234400000423193 ], [ -19903.259800000116229, -110763.046900000423193 ], [ -19912.005900000222027, -110763.984400000423193 ], [ -19920.695299999788404, -110766.601600000634789 ], [ -19924.945299999788404, -110766.851600000634789 ], [ -19928.195299999788404, -110765.851600000634789 ], [ -19933.445299999788404, -110765.601600000634789 ], [ -19940.195299999788404, -110766.601600000634789 ], [ -19943.945299999788404, -110767.851600000634789 ], [ -19961.521499999798834, -110767.671900000423193 ], [ -19962.302699999883771, -110753.359400000423193 ], [ -19969.193400000222027, -110754.101600000634789 ], [ -19976.984400000423193, -110755.859400000423193 ], [ -19994.371100000105798, -110767.914100000634789 ], [ -20000.414099999703467, -110772.109400000423193 ], [ -20006.039099999703467, -110775.226600000634789 ], [ -20009.787100000306964, -110774.921900000423193 ], [ -20013.943400000222027, -110774.101600000634789 ], [ -20023.220700000412762, -110769.921900000423193 ], [ -20051.519500000402331, -110767.3125 ], [ -20051.656200000084937, -110769.671900000423193 ], [ -20059.712899999693036, -110964.703099999576807 ], [ -20062.304700000211596, -111000.0 ], [ -20062.431599999777973, -111001.742200000211596 ], [ -20023.917999999597669, -111002.523399999365211 ], [ -20023.363300000317395, -111002.0 ], [ -20014.199199999682605, -110998.664100000634789 ], [ -19979.765599999576807, -110998.664100000634789 ], [ -19946.720700000412762, -110995.890599999576807 ], [ -19915.613300000317395, -110991.726600000634789 ], [ -19915.070299999788404, -110994.75 ], [ -19897.292999999597669, -110990.890599999576807 ], [ -19880.078099999576807, -110987.835899999365211 ], [ -19864.946299999952316, -110986.171900000423193 ], [ -19849.814500000327826, -110984.507799999788404 ], [ -19851.308600000105798, -110994.976600000634789 ], [ -19859.523400000296533, -111046.398399999365211 ], [ -19858.707000000402331, -111058.265599999576807 ], [ -19815.365835896878707, -111061.761288784982753 ], [ -19829.660795704228804, -111100.509472858480876 ] ] ] ] } },
{ "type": "Feature", "properties": { "ID": 516.0, "用途_1": "商業地域", "高度_1": "15m 第4種高度地区", "容積率": 400, "建ぺい": 80 }, "geometry": { "type": "MultiPolygon", "coordinates": [ [ [ [ -21881.431599999777973, -111004.203099999576807 ], [ -21852.835900000296533, -111004.343699999153614 ], [ -21840.894500000402331, -111004.195299999788404 ], [ -21840.050800000317395, -110984.328099999576807 ], [ -21839.070299999788404, -110897.726600000634789 ], [ -21840.052699999883771, -110883.703099999576807 ], [ -21840.308600000105798, -110818.226600000634789 ], [ -21840.5625, -110767.031199999153614 ], [ -21840.306599999777973, -110762.695299999788404 ], [ -21840.214800000190735, -110634.664100000634789 ], [ -21840.064500000327826, -110634.664100000634789 ], [ -21807.074199999682605, -110634.210899999365211 ], [ -21807.074199999682605, -110602.3125 ], [ -21722.591799999587238, -110601.0 ], [ -21722.439500000327826, -110601.0 ], [ -21673.074199999682605, -110600.226600000634789 ], [ -21672.923799999989569, -110600.226600000634789 ], [ -21667.060499999672174, -110600.210899999365211 ], [ -21666.908200000412762, -110600.210899999365211 ], [ -21607.730499999597669, -110600.140599999576807 ], [ -21607.578099999576807, -110600.140599999576807 ], [ -21603.330099999904633, -110600.140599999576807 ], [ -21603.179700000211596, -110600.140599999576807 ], [ -21574.005900000222027, -110600.101600000634789 ], [ -21546.335900000296533, -110600.0625 ], [ -21546.185499999672174, -110600.0625 ], [ -21541.917999999597669, -110599.835899999365211 ], [ -21541.765599999576807, -110599.835899999365211 ], [ -21510.423799999989569, -110599.695299999788404 ], [ -21510.273400000296533, -110599.695299999788404 ], [ -21499.103500000201166, -110600.148399999365211 ], [ -21498.951200000010431, -110600.148399999365211 ], [ -21464.160199999809265, -110600.578099999576807 ], [ -21464.009800000116229, -110600.578099999576807 ], [ -21459.710900000296533, -110600.531199999153614 ], [ -21459.560499999672174, -110600.531199999153614 ], [ -21399.097699999809265, -110601.382799999788404 ], [ -21398.945299999788404, -110601.382799999788404 ], [ -21394.742200000211596, -110601.445299999788404 ], [ -21394.589800000190735, -110601.445299999788404 ], [ -21335.269500000402331, -110602.609400000423193 ], [ -21335.117200000211596, -110602.617200000211596 ], [ -21329.169900000095367, -110602.773399999365211 ], [ -21329.017599999904633, -110602.781199999153614 ], [ -21325.169900000095367, -110602.882799999788404 ], [ -21325.017599999904633, -110602.890599999576807 ], [ -21312.054700000211596, -110603.257799999788404 ], [ -21312.041000000201166, -110635.242200000211596 ], [ -21312.041000000201166, -110653.343699999153614 ], [ -21313.185499999672174, -110760.0 ], [ -21313.064500000327826, -110766.085899999365211 ], [ -21312.566399999894202, -110796.742200000211596 ], [ -21312.349600000306964, -110821.0 ], [ -21312.333999999798834, -110827.125 ], [ -21312.349600000306964, -110833.468699999153614 ], [ -21312.818400000222027, -110892.343699999153614 ], [ -21312.306599999777973, -110906.0 ], [ -21310.814500000327826, -110955.734400000423193 ], [ -21310.568400000222027, -110976.109400000423193 ], [ -21310.320299999788404, -111023.265599999576807 ], [ -21309.041000000201166, -111030.171900000423193 ], [ -21303.544900000095367, -111155.164100000634789 ], [ -21302.925800000317395, -111169.351600000634789 ], [ -21340.367200000211596, -111169.734400000423193 ], [ -21342.451200000010431, -111200.984400000423193 ], [ -21362.183600000105798, -111200.859400000423193 ], [ -21362.335900000296533, -111200.859400000423193 ], [ -21404.945299999788404, -111200.093699999153614 ], [ -21410.154299999587238, -111202.078099999576807 ], [ -21460.013700000010431, -111201.757799999788404 ], [ -21460.166000000201166, -111201.765599999576807 ], [ -21468.896499999798834, -111202.1875 ], [ -21477.728500000201166, -111204.882799999788404 ], [ -21500.253899999894202, -111204.609400000423193 ], [ -21500.406200000084937, -111204.609400000423193 ], [ -21524.318400000222027, -111204.359400000423193 ], [ -21524.468700000084937, -111204.359400000423193 ], [ -21533.433600000105798, -111204.335899999365211 ], [ -21533.582000000402331, -111204.335899999365211 ], [ -21545.191399999894202, -111202.593699999153614 ], [ -21545.339800000190735, -111202.570299999788404 ], [ -21602.205099999904633, -111201.585899999365211 ], [ -21602.357400000095367, -111201.585899999365211 ], [ -21607.025399999693036, -111201.343699999153614 ], [ -21607.177699999883771, -111201.335899999365211 ], [ -21617.316399999894202, -111201.679700000211596 ], [ -21617.468700000084937, -111201.679700000211596 ], [ -21661.068400000222027, -111201.398399999365211 ], [ -21664.222699999809265, -111202.851600000634789 ], [ -21696.753899999894202, -111202.851600000634789 ], [ -21696.906200000084937, -111202.859400000423193 ], [ -21715.253899999894202, -111203.343699999153614 ], [ -21715.404299999587238, -111203.343699999153614 ], [ -21740.658200000412762, -111203.351600000634789 ], [ -21740.810499999672174, -111203.351600000634789 ], [ -21760.546900000423193, -111203.351600000634789 ], [ -21760.697300000116229, -111203.367200000211596 ], [ -21764.408200000412762, -111203.835899999365211 ], [ -21764.558600000105798, -111203.851600000634789 ], [ -21810.630900000222027, -111204.625 ], [ -21810.710900000296533, -111204.625 ], [ -21810.781200000084937, -111204.617200000211596 ], [ -21817.386699999682605, -111203.867200000211596 ], [ -21817.535199999809265, -111203.851600000634789 ], [ -21879.582000000402331, -111203.843699999153614 ], [ -21879.576200000010431, -111196.164100000634789 ], [ -21880.005900000222027, -111171.718699999153614 ], [ -21878.806599999777973, -111039.468699999153614 ], [ -21880.931599999777973, -111033.468699999153614 ], [ -21881.431599999777973, -111004.203099999576807 ] ] ] ] } },
{ "type": "Feature", "properties": { "ID": 342.0, "用途_1": "商業地域", "高度_1": "20m 第4種高度地区", "容積率": 400, "建ぺい": 80 }, "geometry": { "type": "MultiPolygon", "coordinates": [ [ [ [ -23091.633423099894571, -108920.929045755197876 ], [ -23043.932239822057454, -108876.834525492318789 ], [ -23003.476599999703467, -108905.320299999788404 ], [ -22996.445299999788404, -108910.523399999365211 ], [ -22948.984400000423193, -108942.484400000423193 ], [ -22907.752000000327826, -108944.9375 ], [ -22859.0, -108944.976600000634789 ], [ -22796.570299999788404, -108945.539100000634789 ], [ -22796.576200000010431, -108945.023399999365211 ], [ -22796.582000000402331, -108944.507799999788404 ], [ -22763.195299999788404, -108944.531199999153614 ], [ -22705.988300000317395, -108945.195299999788404 ], [ -22706.033200000412762, -108948.343699999153614 ], [ -22706.585900000296533, -108986.195299999788404 ], [ -22696.871100000105798, -108986.273399999365211 ], [ -22697.113300000317395, -109024.984400000423193 ], [ -22771.455099999904633, -109024.179700000211596 ], [ -22914.011699999682605, -109023.523399999365211 ], [ -22964.085900000296533, -109021.179700000211596 ], [ -22976.759800000116229, -109020.679700000211596 ], [ -22983.246100000105798, -109016.023399999365211 ], [ -22987.794900000095367, -109012.765599999576807 ], [ -23011.867200000211596, -108995.460899999365211 ], [ -23035.980499999597669, -108978.281199999153614 ], [ -23042.261699999682605, -108973.828099999576807 ], [ -23045.074199999682605, -108971.828099999576807 ], [ -23072.205099999904633, -108952.648399999365211 ], [ -23086.146499999798834, -108943.132799999788404 ], [ -23094.662100000306964, -108937.3125 ], [ -23103.996100000105798, -108937.125 ], [ -23106.530364069592906, -108937.044465703947935 ], [ -23091.633423099894571, -108920.929045755197876 ] ] ] ] } },
{ "type": "Feature", "properties": { "ID": 343.0, "用途_1": "第二種中高層住居専用地域", "高度_1": "12m 第1種高度地区", "容積率": 300, "建ぺい": 60 }, "geometry": { "type": "MultiPolygon", "coordinates": [ [ [ [ -20845.744099999777973, -108848.632799999788404 ], [ -20771.859400000423193, -108848.671900000423193 ], [ -20751.775999999605119, -108848.679400000721216 ], [ -20751.664499999955297, -108854.171499999240041 ], [ -20750.098100000061095, -108931.348500000312924 ], [ -20770.246100000105798, -108930.984400000423193 ], [ -20806.042999999597669, -108930.328099999576807 ], [ -20844.558600000105798, -108930.148399999365211 ], [ -20845.744099999777973, -108848.632799999788404 ] ] ] ] } },
{ "type": "Feature", "properties": { "ID": 344.0, "用途_1": "第二種中高層住居専用地域", "高度_1": "15m 第1種高度地区", "容積率": 300, "建ぺい": 60 }, "geometry": { "type": "MultiPolygon", "coordinates": [ [ [ [ -20751.775999999605119, -108848.679400000721216 ], [ -20746.775399999693036, -108848.679700000211596 ], [ -20746.666000000201166, -108854.070299999788404 ], [ -20745.095700000412762, -108931.4375 ], [ -20750.098100000061095, -108931.348500000312924 ], [ -20751.664499999955297, -108854.171499999240041 ], [ -20751.775999999605119, -108848.679400000721216 ] ] ] ] } },
{ "type": "Feature", "properties": { "ID": 345.0, "用途_1": "第二種中高層住居専用地域", "高度_1": "15m 第1種高度地区", "容積率": 200, "建ぺい": 60 }, "geometry": { "type": "MultiPolygon", "coordinates": [ [ [ [ -20746.775399999693036, -108848.679700000211596 ], [ -20727.556599999777973, -108848.695299999788404 ], [ -20632.683600000105798, -108852.023399999365211 ], [ -20526.877000000327826, -108855.617200000211596 ], [ -20529.958999999798834, -108936.539100000634789 ], [ -20533.902300000190735, -108936.359400000423193 ], [ -20599.347699999809265, -108934.093699999153614 ], [ -20745.095700000412762, -108931.4375 ], [ -20746.666000000201166, -108854.070299999788404 ], [ -20746.775399999693036, -108848.679700000211596 ] ] ] ] } },
{ "type": "Feature", "properties": { "ID": 347.0, "用途_1": "近隣商業地域", "高度_1": "15m 第3種高度地区", "容積率": 300, "建ぺい": 80 }, "geometry": { "type": "MultiPolygon", "coordinates": [ [ [ [ -20263.206298353707098, -108920.929045755197876 ], [ -20259.586981152835506, -108924.844401044480037 ], [ -20260.669900000095367, -108947.820299999788404 ], [ -20260.832000000402331, -108951.242200000211596 ], [ -20291.476599999703467, -108948.648399999365211 ], [ -20384.621100000105798, -108943.875 ], [ -20474.675800000317395, -108939.117200000211596 ], [ -20529.958999999798834, -108936.539100000634789 ], [ -20526.877000000327826, -108855.617200000211596 ], [ -20498.435499999672174, -108856.578099999576807 ], [ -20415.431599999777973, -108859.007799999788404 ], [ -20330.4375, -108861.578099999576807 ], [ -20327.418736050611187, -108861.571678901993437 ], [ -20263.206298353707098, -108920.929045755197876 ] ] ] ] } },
{ "type": "Feature", "properties": { "ID": 354.0, "用途_1": "商業地域", "高度_1": "25m 高度地区", "容積率": 600, "建ぺい": 80 }, "geometry": { "type": "MultiPolygon", "coordinates": [ [ [ [ -23459.432909103536076, -109427.161608649199479 ], [ -23454.963363121150905, -109419.180660029131104 ], [ -23454.445299999788404, -109457.445299999788404 ], [ -23448.970700000412762, -109457.882799999788404 ], [ -23447.935499999672174, -109457.960899999365211 ], [ -23447.935499999672174, -109460.390599999576807 ], [ -23447.935499999672174, -109509.765599999576807 ], [ -23447.667999999597669, -109509.773399999365211 ], [ -23447.507799999788404, -109551.429700000211596 ], [ -23447.337899999693036, -109609.015599999576807 ], [ -23447.205099999904633, -109648.773399999365211 ], [ -23447.177699999883771, -109663.179700000211596 ], [ -23447.072300000116229, -109698.406199999153614 ], [ -23446.894500000402331, -109709.593699999153614 ], [ -23447.285199999809265, -109715.515599999576807 ], [ -23447.234400000423193, -109733.1875 ], [ -23446.384800000116229, -109768.390599999576807 ], [ -23445.447300000116229, -109806.367200000211596 ], [ -23445.015599999576807, -109869.328099999576807 ], [ -23444.650399999693036, -109925.656199999153614 ], [ -23444.429700000211596, -109959.906199999153614 ], [ -23486.423799999989569, -109959.054700000211596 ], [ -23488.298799999989569, -109838.445299999788404 ], [ -23489.443400000222027, -109735.023399999365211 ], [ -23490.101599999703467, -109662.664100000634789 ], [ -23490.095700000412762, -109561.976600000634789 ], [ -23492.541115094678389, -109498.978859205235494 ], [ -23459.432909103536076, -109427.161608649199479 ] ] ] ] } },
{ "type": "Feature", "properties": { "ID": 356.0, "用途_1": "第一種住居地域", "高度_1": "15m 第2種高度地区", "容積率": 200, "建ぺい": 60 }, "geometry": { "type": "MultiPolygon", "coordinates": [ [ [ [ -23382.700189434985077, -109290.145478696402279 ], [ -23295.453849476696632, -109159.572103543352569 ], [ -23198.231791926864389, -109036.246511467936216 ], [ -23106.530364069592906, -108937.044465703947935 ], [ -23103.996100000105798, -108937.125 ], [ -23094.662100000306964, -108937.3125 ], [ -23086.146499999798834, -108943.132799999788404 ], [ -23072.205099999904633, -108952.648399999365211 ], [ -23045.074199999682605, -108971.828099999576807 ], [ -23042.261699999682605, -108973.828099999576807 ], [ -23035.980499999597669, -108978.281199999153614 ], [ -23011.867200000211596, -108995.460899999365211 ], [ -22987.794900000095367, -109012.765599999576807 ], [ -22983.246100000105798, -109016.023399999365211 ], [ -22976.759800000116229, -109020.679700000211596 ], [ -22964.085900000296533, -109021.179700000211596 ], [ -22914.011699999682605, -109023.523399999365211 ], [ -22771.455099999904633, -109024.179700000211596 ], [ -22697.113300000317395, -109024.984400000423193 ], [ -22697.365199999883771, -109043.289100000634789 ], [ -22698.736299999989569, -109153.289100000634789 ], [ -22698.800800000317395, -109159.242200000211596 ], [ -22663.066399999894202, -109161.085899999365211 ], [ -22672.009800000116229, -109551.789100000634789 ], [ -22673.015599999576807, -109595.6875 ], [ -22770.929700000211596, -109591.164100000634789 ], [ -22772.699199999682605, -109666.0625 ], [ -22846.343700000084937, -109664.609400000423193 ], [ -22923.066399999894202, -109662.796900000423193 ], [ -23064.095700000412762, -109659.382799999788404 ], [ -23138.697300000116229, -109657.054700000211596 ], [ -23205.517599999904633, -109654.976600000634789 ], [ -23257.002000000327826, -109654.1875 ], [ -23447.205099999904633, -109648.773399999365211 ], [ -23447.337899999693036, -109609.015599999576807 ], [ -23447.507799999788404, -109551.429700000211596 ], [ -23447.667999999597669, -109509.773399999365211 ], [ -23447.935499999672174, -109509.765599999576807 ], [ -23447.935499999672174, -109460.390599999576807 ], [ -23447.935499999672174, -109457.960899999365211 ], [ -23448.970700000412762, -109457.882799999788404 ], [ -23454.445299999788404, -109457.445299999788404 ], [ -23454.963363121150905, -109419.180660029131104 ], [ -23382.700189434985077, -109290.145478696402279 ] ] ] ] } },
{ "type": "Feature", "properties": { "ID": 357.0, "用途_1": "商業地域", "高度_1": "15m 第4種高度地区", "容積率": 400, "建ぺい": 80 }, "geometry": { "type": "MultiPolygon", "coordinates": [ [ [ [ -20968.058600000105798, -108941.156199999153614 ], [ -20951.531200000084937, -108941.726600000634789 ], [ -20951.406200000084937, -108929.640599999576807 ], [ -20926.093700000084937, -108929.757799999788404 ], [ -20925.853500000201166, -108929.765599999576807 ], [ -20925.781200000084937, -108930.0625 ], [ -20924.265599999576807, -109000.578099999576807 ], [ -20922.078099999576807, -109063.101600000634789 ], [ -20915.300800000317395, -109241.507799999788404 ], [ -20909.544900000095367, -109417.898399999365211 ], [ -20908.752799999900162, -109442.11460000090301 ], [ -20908.308899999596179, -109445.693900000303984 ], [ -20904.335199999623001, -109464.005200000479817 ], [ -20901.571100000292063, -109481.668999999761581 ], [ -20900.375199999660254, -109501.278400000184774 ], [ -20899.56290000025183, -109513.959499999880791 ], [ -20898.278500000014901, -109544.363900000229478 ], [ -20898.081199999898672, -109642.456100000068545 ], [ -20905.986299999989569, -109642.5 ], [ -20951.728500000201166, -109642.765599999576807 ], [ -20975.689500000327826, -109642.695299999788404 ], [ -20977.908200000412762, -109570.265599999576807 ], [ -20982.472699999809265, -109545.414100000634789 ], [ -20983.615199999883771, -109444.132799999788404 ], [ -20931.189500000327826, -109445.6875 ], [ -20932.224600000306964, -109440.257799999788404 ], [ -20949.355499999597669, -109302.6875 ], [ -21020.988300000317395, -109302.164100000634789 ], [ -21019.810499999672174, -109065.070299999788404 ], [ -20966.662100000306964, -109066.0625 ], [ -20967.027300000190735, -109023.351600000634789 ], [ -20968.294900000095367, -108975.164100000634789 ], [ -20968.058600000105798, -108941.156199999153614 ] ] ] ] } },
{ "type": "Feature", "properties": { "ID": 358.0, "用途_1": "商業地域", "高度_1": "12m 第4種高度地区", "容積率": 400, "建ぺい": 80 }, "geometry": { "type": "MultiPolygon", "coordinates": [ [ [ [ -20925.853500000201166, -108929.765599999576807 ], [ -20925.773400000296533, -108929.765599999576807 ], [ -20905.548799999989569, -108929.859400000423193 ], [ -20844.558600000105798, -108930.148399999365211 ], [ -20842.533200000412762, -109069.734400000423193 ], [ -20841.146499999798834, -109153.335899999365211 ], [ -20841.078099999576807, -109170.6875 ], [ -20839.474600000306964, -109213.164100000634789 ], [ -20837.398400000296533, -109258.085899999365211 ], [ -20836.392599999904633, -109295.656199999153614 ], [ -20835.605499999597669, -109330.382799999788404 ], [ -20834.757799999788404, -109360.023399999365211 ], [ -20833.718700000084937, -109395.609400000423193 ], [ -20832.398400000296533, -109450.726600000634789 ], [ -20831.080099999904633, -109506.320299999788404 ], [ -20830.703099999576807, -109558.890599999576807 ], [ -20830.986299999989569, -109614.296900000423193 ], [ -20831.212899999693036, -109642.070299999788404 ], [ -20877.857400000095367, -109642.343699999153614 ], [ -20898.081199999898672, -109642.456100000068545 ], [ -20898.278500000014901, -109544.363900000229478 ], [ -20899.56290000025183, -109513.959499999880791 ], [ -20900.375199999660254, -109501.278400000184774 ], [ -20901.571100000292063, -109481.668999999761581 ], [ -20904.335199999623001, -109464.005200000479817 ], [ -20908.308899999596179, -109445.693900000303984 ], [ -20908.752799999900162, -109442.11460000090301 ], [ -20909.544900000095367, -109417.898399999365211 ], [ -20915.300800000317395, -109241.507799999788404 ], [ -20922.078099999576807, -109063.101600000634789 ], [ -20924.265599999576807, -109000.578099999576807 ], [ -20925.781200000084937, -108930.0625 ], [ -20925.853500000201166, -108929.765599999576807 ] ] ] ] } },
{ "type": "Feature", "properties": { "ID": 359.0, "用途_1": "近隣商業地域", "高度_1": "12m 第4種高度地区", "容積率": 300, "建ぺい": 80 }, "geometry": { "type": "MultiPolygon", "coordinates": [ [ [ [ -20743.718700000084937, -109029.328099999576807 ], [ -20743.390599999576807, -109054.976600000634789 ], [ -20742.242200000211596, -109054.960899999365211 ], [ -20742.156200000084937, -109091.421900000423193 ], [ -20740.787100000306964, -109091.421900000423193 ], [ -20739.894500000402331, -109142.664100000634789 ], [ -20739.894500000402331, -109171.093699999153614 ], [ -20739.480499999597669, -109207.4375 ], [ -20742.117200000211596, -109207.429700000211596 ], [ -20746.476599999703467, -109207.335899999365211 ], [ -20746.535199999809265, -109232.226600000634789 ], [ -20746.503899999894202, -109237.382799999788404 ], [ -20746.058600000105798, -109275.828099999576807 ], [ -20745.169900000095367, -109304.921900000423193 ], [ -20742.787100000306964, -109395.492200000211596 ], [ -20741.990199999883771, -109436.109400000423193 ], [ -20741.986299999989569, -109529.5 ], [ -20742.382799999788404, -109589.039100000634789 ], [ -20742.443400000222027, -109589.078099999576807 ], [ -20745.210900000296533, -109783.593699999153614 ], [ -20744.038399999961257, -109859.440300000831485 ], [ -20744.076799999922514, -109859.44400000013411 ], [ -20744.076100000180304, -109859.527300000190735 ], [ -20746.294900000095367, -109859.75 ], [ -20762.298799999989569, -109861.3125 ], [ -20764.691399999894202, -109861.718699999153614 ], [ -20828.460900000296533, -109872.492200000211596 ], [ -20828.910199999809265, -109782.023399999365211 ], [ -20829.410199999809265, -109752.875 ], [ -20830.230499999597669, -109705.093699999153614 ], [ -20831.269500000402331, -109649.125 ], [ -20831.212899999693036, -109642.070299999788404 ], [ -20830.986299999989569, -109614.296900000423193 ], [ -20830.703099999576807, -109558.890599999576807 ], [ -20831.080099999904633, -109506.320299999788404 ], [ -20832.398400000296533, -109450.726600000634789 ], [ -20833.718700000084937, -109395.609400000423193 ], [ -20834.757799999788404, -109360.023399999365211 ], [ -20835.605499999597669, -109330.382799999788404 ], [ -20836.392599999904633, -109295.656199999153614 ], [ -20837.398400000296533, -109258.085899999365211 ], [ -20839.474600000306964, -109213.164100000634789 ], [ -20841.078099999576807, -109170.6875 ], [ -20841.146499999798834, -109153.335899999365211 ], [ -20842.533200000412762, -109069.734400000423193 ], [ -20844.558600000105798, -108930.148399999365211 ], [ -20806.042999999597669, -108930.328099999576807 ], [ -20770.246100000105798, -108930.984400000423193 ], [ -20750.098100000061095, -108931.348500000312924 ], [ -20747.722699999809265, -108957.273399999365211 ], [ -20744.958999999798834, -108979.148399999365211 ], [ -20745.419900000095367, -109028.890599999576807 ], [ -20743.718700000084937, -109029.328099999576807 ] ] ] ] } },
{ "type": "Feature", "properties": { "ID": 360.0, "用途_1": "商業地域", "高度_1": "15m 第4種高度地区", "容積率": 400, "建ぺい": 80 }, "geometry": { "type": "MultiPolygon", "coordinates": [ [ [ [ -21120.570299999788404, -108932.4375 ], [ -21122.326200000010431, -108973.828099999576807 ], [ -21125.337899999693036, -109014.742200000211596 ], [ -21139.031200000084937, -109015.781199999153614 ], [ -21166.484400000423193, -109017.867200000211596 ], [ -21166.013700000010431, -109012.585899999365211 ], [ -21163.953099999576807, -108989.554700000211596 ], [ -21161.183600000105798, -108954.195299999788404 ], [ -21159.759800000116229, -108936.0 ], [ -21134.205099999904633, -108933.679700000211596 ], [ -21120.570299999788404, -108932.4375 ] ] ] ] } },
{ "type": "Feature", "properties": { "ID": 566.0, "用途_1": "第一種住居地域", "高度_1": "20m 第2種高度地区", "容積率": 200, "建ぺい": 60 }, "geometry": { "type": "MultiPolygon", "coordinates": [ [ [ [ -23198.231791926864389, -111634.038704788661562 ], [ -23238.706921808952757, -111582.696247296655201 ], [ -23238.468700000084937, -111571.789100000634789 ], [ -23247.191386740440066, -111571.933754838784807 ], [ -23295.453849476696632, -111510.713112713245209 ], [ -23324.773704484767222, -111466.83284874765377 ], [ -23324.726599999703467, -111451.218699999153614 ], [ -23324.875, -111383.8125 ], [ -23321.962899999693036, -111383.742200000211596 ], [ -23167.226599999703467, -111378.828099999576807 ], [ -23038.144500000402331, -111376.273399999365211 ], [ -22935.127000000327826, -111372.906199999153614 ], [ -22936.388700000010431, -111439.007799999788404 ], [ -22936.591799999587238, -111494.078099999576807 ], [ -22936.552699999883771, -111516.429700000211596 ], [ -22936.497999999672174, -111546.531199999153614 ], [ -23017.556599999777973, -111553.968699999153614 ], [ -23039.908200000412762, -111561.554700000211596 ], [ -23061.708999999798834, -111561.5625 ], [ -23062.919900000095367, -111580.992200000211596 ], [ -23064.837899999693036, -111636.8125 ], [ -23065.121100000105798, -111645.429700000211596 ], [ -23064.752000000327826, -111684.867200000211596 ], [ -23109.681599999777973, -111685.218699999153614 ], [ -23135.792999999597669, -111684.765599999576807 ], [ -23151.594444791309797, -111684.490702679613605 ], [ -23198.231791926864389, -111634.038704788661562 ] ] ] ] } },
{ "type": "Feature", "properties": { "ID": 567.0, "用途_1": "商業地域", "高度_1": "20m 第4種高度地区", "容積率": 600, "建ぺい": 80 }, "geometry": { "type": "MultiPolygon", "coordinates": [ [ [ [ -22656.632799999788404, -111378.273399999365211 ], [ -22597.380900000222027, -111381.671900000423193 ], [ -22597.064500000327826, -111422.0 ], [ -22596.589800000190735, -111434.984400000423193 ], [ -22537.003899999894202, -111434.984400000423193 ], [ -22536.853500000201166, -111434.984400000423193 ], [ -22535.916000000201166, -111538.335899999365211 ], [ -22617.582000000402331, -111538.554700000211596 ], [ -22617.933600000105798, -111505.460899999365211 ], [ -22635.955099999904633, -111505.414100000634789 ], [ -22635.830099999904633, -111495.828099999576807 ], [ -22648.400399999693036, -111495.664100000634789 ], [ -22650.605499999597669, -111472.226600000634789 ], [ -22654.808600000105798, -111439.1875 ], [ -22656.291000000201166, -111423.296900000423193 ], [ -22656.632799999788404, -111378.273399999365211 ] ] ] ] } },
{ "type": "Feature", "properties": { "ID": 568.0, "用途_1": "商業地域", "高度_1": "20m 第4種高度地区", "容積率": 400, "建ぺい": 80 }, "geometry": { "type": "MultiPolygon", "coordinates": [ [ [ [ -23379.378334614470077, -111385.111244627318229 ], [ -23324.875, -111383.8125 ], [ -23324.726599999703467, -111451.218699999153614 ], [ -23324.773704484767222, -111466.83284874765377 ], [ -23379.378334614470077, -111385.111244627318229 ] ] ] ] } },
{ "type": "Feature", "properties": { "ID": 571.0, "用途_1": "近隣商業地域", "高度_1": "15m 第3種高度地区", "容積率": 300, "建ぺい": 80 }, "geometry": { "type": "MultiPolygon", "coordinates": [ [ [ [ -21889.408200000412762, -111412.140599999576807 ], [ -21882.675800000317395, -111412.234400000423193 ], [ -21879.166000000201166, -111411.484400000423193 ], [ -21810.933600000105798, -111412.007799999788404 ], [ -21810.933600000105798, -111441.1875 ], [ -21776.275399999693036, -111441.734400000423193 ], [ -21776.122999999672174, -111441.742200000211596 ], [ -21738.824199999682605, -111443.4375 ], [ -21738.673799999989569, -111443.4375 ], [ -21673.408200000412762, -111443.929700000211596 ], [ -21673.255900000222027, -111396.773399999365211 ], [ -21652.388700000010431, -111398.046900000423193 ], [ -21652.236299999989569, -111398.054700000211596 ], [ -21598.939500000327826, -111401.3125 ], [ -21598.789099999703467, -111401.320299999788404 ], [ -21593.377000000327826, -111401.578099999576807 ], [ -21593.224600000306964, -111401.585899999365211 ], [ -21587.835900000296533, -111401.796900000423193 ], [ -21587.685499999672174, -111401.8125 ], [ -21582.667999999597669, -111402.281199999153614 ], [ -21582.517599999904633, -111402.289100000634789 ], [ -21576.6875, -111402.5625 ], [ -21576.535199999809265, -111402.570299999788404 ], [ -21535.923799999989569, -111405.156199999153614 ], [ -21535.773400000296533, -111405.171900000423193 ], [ -21486.652300000190735, -111409.007799999788404 ], [ -21486.5, -111409.015599999576807 ], [ -21479.599600000306964, -111409.25 ], [ -21479.447300000116229, -111409.265599999576807 ], [ -21420.857400000095367, -111414.218699999153614 ], [ -21420.707000000402331, -111414.234400000423193 ], [ -21408.396499999798834, -111415.492200000211596 ], [ -21408.246100000105798, -111415.507799999788404 ], [ -21411.648400000296533, -111421.5625 ], [ -21418.617200000211596, -111434.296900000423193 ], [ -21420.728500000201166, -111437.726600000634789 ], [ -21433.164099999703467, -111461.242200000211596 ], [ -21438.417999999597669, -111467.023399999365211 ], [ -21465.802699999883771, -111522.054700000211596 ], [ -21482.078099999576807, -111555.117200000211596 ], [ -21484.292999999597669, -111561.429700000211596 ], [ -21500.777300000190735, -111600.390599999576807 ], [ -21508.701200000010431, -111617.351600000634789 ], [ -21515.127000000327826, -111632.328099999576807 ], [ -21521.267599999904633, -111646.984400000423193 ], [ -21535.966799999587238, -111685.601600000634789 ], [ -21536.839800000190735, -111688.546900000423193 ], [ -21541.642599999904633, -111700.031199999153614 ], [ -21554.089800000190735, -111729.796900000423193 ], [ -21559.861299999989569, -111744.453099999576807 ], [ -21569.761699999682605, -111768.5 ], [ -21532.587899999693036, -111768.773399999365211 ], [ -21529.542999999597669, -111768.796900000423193 ], [ -21525.042999999597669, -111768.828099999576807 ], [ -21524.349600000306964, -111977.164100000634789 ], [ -21536.298799999989569, -111977.25 ], [ -21566.314500000327826, -111977.476600000634789 ], [ -21567.003899999894202, -112003.296900000423193 ], [ -21567.164099999703467, -112017.5625 ], [ -21567.164099999703467, -112039.773399999365211 ], [ -21568.041000000201166, -112061.734400000423193 ], [ -21568.066399999894202, -112062.375 ], [ -21583.181599999777973, -112062.125 ], [ -21604.345700000412762, -112062.882799999788404 ], [ -21652.093700000084937, -112062.375 ], [ -21670.669900000095367, -112062.375 ], [ -21733.796900000423193, -112061.875 ], [ -21736.744099999777973, -112061.851600000634789 ], [ -21738.726599999703467, -112061.835899999365211 ], [ -21738.716799999587238, -112066.375 ], [ -21738.757799999788404, -112066.375 ], [ -21743.656200000084937, -112066.375 ], [ -21760.496100000105798, -112066.375 ], [ -21760.496100000105798, -112066.203099999576807 ], [ -21805.083999999798834, -112065.882799999788404 ], [ -21807.335900000296533, -112065.875 ], [ -21813.279299999587238, -112066.375 ], [ -21853.199199999682605, -112065.875 ], [ -21873.277300000190735, -112065.625 ], [ -21876.863300000317395, -112065.359400000423193 ], [ -21877.093700000084937, -112013.914100000634789 ], [ -21853.435499999672174, -112013.617200000211596 ], [ -21844.154299999587238, -112013.507799999788404 ], [ -21844.154299999587238, -112002.726600000634789 ], [ -21844.154299999587238, -111983.875 ], [ -21844.404299999587238, -111977.875 ], [ -21844.404299999587238, -111922.375 ], [ -21844.148400000296533, -111917.281199999153614 ], [ -21844.404299999587238, -111876.1875 ], [ -21844.904299999587238, -111871.445299999788404 ], [ -21844.654299999587238, -111770.445299999788404 ], [ -21844.654299999587238, -111764.476600000634789 ], [ -21844.752000000327826, -111743.828099999576807 ], [ -21844.794900000095367, -111734.492200000211596 ], [ -21854.220700000412762, -111734.531199999153614 ], [ -21877.773400000296533, -111734.625 ], [ -21877.988300000317395, -111712.156199999153614 ], [ -21879.851599999703467, -111705.601600000634789 ], [ -21881.753899999894202, -111697.445299999788404 ], [ -21885.828099999576807, -111685.218699999153614 ], [ -21886.416000000201166, -111682.664100000634789 ], [ -21886.671900000423193, -111678.781199999153614 ], [ -21886.912100000306964, -111669.906199999153614 ], [ -21887.160199999809265, -111657.75 ], [ -21888.404299999587238, -111653.367200000211596 ], [ -21888.404299999587238, -111598.359400000423193 ], [ -21888.404299999587238, -111582.109400000423193 ], [ -21888.404299999587238, -111561.617200000211596 ], [ -21888.529299999587238, -111529.093699999153614 ], [ -21889.154299999587238, -111474.578099999576807 ], [ -21889.154299999587238, -111471.734400000423193 ], [ -21889.408200000412762, -111412.140599999576807 ] ] ] ] } },
{ "type": "Feature", "properties": { "ID": 572.0, "用途_1": "近隣商業地域", "高度_1": "15m 第3種高度地区", "容積率": 300, "建ぺい": 80 }, "geometry": { "type": "MultiPolygon", "coordinates": [ [ [ [ -22536.853500000201166, -111434.984400000423193 ], [ -22419.252000000327826, -111434.992200000211596 ], [ -22419.675800000317395, -111407.007799999788404 ], [ -22348.048799999989569, -111406.695299999788404 ], [ -22347.896499999798834, -111406.695299999788404 ], [ -22260.800800000317395, -111407.968699999153614 ], [ -22260.648400000296533, -111407.976600000634789 ], [ -22214.859400000423193, -111409.468699999153614 ], [ -22214.708999999798834, -111409.492200000211596 ], [ -22210.298799999989569, -111410.078099999576807 ], [ -22210.150399999693036, -111410.078099999576807 ], [ -22199.300800000317395, -111410.101600000634789 ], [ -22199.150399999693036, -111410.101600000634789 ], [ -22191.771499999798834, -111410.0625 ], [ -22127.365199999883771, -111409.710899999365211 ], [ -22127.212899999693036, -111409.710899999365211 ], [ -22076.365199999883771, -111408.234400000423193 ], [ -22076.240199999883771, -111408.234400000423193 ], [ -22076.212899999693036, -111408.234400000423193 ], [ -22072.267599999904633, -111408.507799999788404 ], [ -22072.117200000211596, -111408.507799999788404 ], [ -22003.763700000010431, -111409.734400000423193 ], [ -22003.613300000317395, -111409.75 ], [ -21999.824199999682605, -111410.093699999153614 ], [ -21999.673799999989569, -111410.093699999153614 ], [ -21976.843700000084937, -111410.343699999153614 ], [ -21976.691399999894202, -111410.343699999153614 ], [ -21976.152300000190735, -111474.359400000423193 ], [ -21975.900399999693036, -111529.515599999576807 ], [ -21975.755900000222027, -111557.320299999788404 ], [ -21975.650399999693036, -111577.515599999576807 ], [ -21975.923799999989569, -111653.351600000634789 ], [ -21952.294900000095367, -111653.476600000634789 ], [ -21931.607400000095367, -111653.718699999153614 ], [ -21931.607400000095367, -111668.679700000211596 ], [ -21929.957000000402331, -111691.890599999576807 ], [ -21927.757799999788404, -111700.664100000634789 ], [ -21893.648400000296533, -111807.960899999365211 ], [ -21890.347699999809265, -111818.281199999153614 ], [ -21888.697300000116229, -111827.570299999788404 ], [ -21887.597699999809265, -111839.429700000211596 ], [ -21887.046900000423193, -111973.039100000634789 ], [ -21887.597699999809265, -111980.265599999576807 ], [ -21890.347699999809265, -111989.554700000211596 ], [ -21927.755900000222027, -112057.132799999788404 ], [ -21931.097699999809265, -112065.75 ], [ -21954.591799999587238, -112065.875 ], [ -21971.513700000010431, -112066.125 ], [ -21997.6875, -112066.375 ], [ -22003.015599999576807, -112066.625 ], [ -22067.265599999576807, -112066.875 ], [ -22070.744099999777973, -112066.875 ], [ -22149.994099999777973, -112067.117200000211596 ], [ -22153.197300000116229, -112066.375 ], [ -22202.947300000116229, -112065.625 ], [ -22206.449199999682605, -112065.375 ], [ -22227.900399999693036, -112064.882799999788404 ], [ -22260.650399999693036, -112064.117200000211596 ], [ -22339.226599999703467, -112064.101600000634789 ], [ -22414.433600000105798, -112065.734400000423193 ], [ -22451.361299999989569, -112065.789100000634789 ], [ -22491.263700000010431, -112065.835899999365211 ], [ -22493.127000000327826, -111979.148399999365211 ], [ -22494.972699999809265, -111850.140599999576807 ], [ -22496.740199999883771, -111726.507799999788404 ], [ -22498.078099999576807, -111632.953099999576807 ], [ -22498.205099999904633, -111624.210899999365211 ], [ -22509.683600000105798, -111624.109400000423193 ], [ -22535.636699999682605, -111623.875 ], [ -22535.902300000190735, -111562.671900000423193 ], [ -22536.074199999682605, -111554.718699999153614 ], [ -22535.916000000201166, -111538.335899999365211 ], [ -22536.853500000201166, -111434.984400000423193 ] ] ] ] } },
{ "type": "Feature", "properties": { "ID": 573.0, "用途_1": "商業地域", "高度_1": "20m 第4種高度地区", "容積率": 600, "建ぺい": 80 }, "geometry": { "type": "MultiPolygon", "coordinates": [ [ [ [ -21976.691399999894202, -111410.343699999153614 ], [ -21968.015599999576807, -111410.4375 ], [ -21967.865199999883771, -111410.4375 ], [ -21963.572300000116229, -111410.484400000423193 ], [ -21963.421900000423193, -111410.492200000211596 ], [ -21920.076200000010431, -111411.718699999153614 ], [ -21919.925800000317395, -111411.718699999153614 ], [ -21897.675800000317395, -111412.031199999153614 ], [ -21897.525399999693036, -111412.031199999153614 ], [ -21889.560499999672174, -111412.140599999576807 ], [ -21889.408200000412762, -111412.140599999576807 ], [ -21889.154299999587238, -111471.734400000423193 ], [ -21889.154299999587238, -111474.578099999576807 ], [ -21888.529299999587238, -111529.093699999153614 ], [ -21888.404299999587238, -111561.617200000211596 ], [ -21896.912100000306964, -111561.570299999788404 ], [ -21932.0625, -111561.125 ], [ -21932.046900000423193, -111557.390599999576807 ], [ -21967.144500000402331, -111557.234400000423193 ], [ -21975.755900000222027, -111557.320299999788404 ], [ -21975.900399999693036, -111529.515599999576807 ], [ -21976.152300000190735, -111474.359400000423193 ], [ -21976.691399999894202, -111410.343699999153614 ] ] ] ] } },
{ "type": "Feature", "properties": { "ID": 574.0, "用途_1": "商業地域", "高度_1": "20m 第4種高度地区", "容積率": 600, "建ぺい": 80 }, "geometry": { "type": "MultiPolygon", "coordinates": [ [ [ [ -21408.246100000105798, -111415.507799999788404 ], [ -21374.617200000211596, -111418.945299999788404 ], [ -21374.466799999587238, -111418.968699999153614 ], [ -21328.253899999894202, -111425.023399999365211 ], [ -21328.105499999597669, -111425.046900000423193 ], [ -21324.046900000423193, -111425.640599999576807 ], [ -21319.181599999777973, -111426.375 ], [ -21333.656200000084937, -111451.5625 ], [ -21356.849600000306964, -111489.804700000211596 ], [ -21385.968700000084937, -111545.328099999576807 ], [ -21404.808600000105798, -111586.570299999788404 ], [ -21420.916000000201166, -111604.679700000211596 ], [ -21428.109400000423193, -111619.132799999788404 ], [ -21430.585900000296533, -111630.273399999365211 ], [ -21431.679700000211596, -111649.046900000423193 ], [ -21438.085900000296533, -111664.578099999576807 ], [ -21440.849600000306964, -111671.609400000423193 ], [ -21455.710900000296533, -111707.382799999788404 ], [ -21462.273400000296533, -111722.281199999153614 ], [ -21468.853500000201166, -111737.875 ], [ -21477.236299999989569, -111759.492200000211596 ], [ -21479.226599999703467, -111769.640599999576807 ], [ -21480.820299999788404, -111772.914100000634789 ], [ -21483.214800000190735, -111796.398399999365211 ], [ -21483.414099999703467, -111802.375 ], [ -21483.414099999703467, -111838.875 ], [ -21483.666000000201166, -111841.828099999576807 ], [ -21482.662100000306964, -111944.210899999365211 ], [ -21483.167999999597669, -111976.593699999153614 ], [ -21483.931599999777973, -111980.867200000211596 ], [ -21481.195299999788404, -112061.929700000211596 ], [ -21567.736299999989569, -112061.742200000211596 ], [ -21568.041000000201166, -112061.734400000423193 ], [ -21567.164099999703467, -112039.773399999365211 ], [ -21567.164099999703467, -112017.5625 ], [ -21567.003899999894202, -112003.296900000423193 ], [ -21536.747999999672174, -112003.296900000423193 ], [ -21523.968700000084937, -112003.382799999788404 ], [ -21524.349600000306964, -111977.164100000634789 ], [ -21525.042999999597669, -111768.828099999576807 ], [ -21529.542999999597669, -111768.796900000423193 ], [ -21529.542999999597669, -111699.820299999788404 ], [ -21532.527300000190735, -111700.031199999153614 ], [ -21541.642599999904633, -111700.031199999153614 ], [ -21536.839800000190735, -111688.546900000423193 ], [ -21535.966799999587238, -111685.601600000634789 ], [ -21521.267599999904633, -111646.984400000423193 ], [ -21515.127000000327826, -111632.328099999576807 ], [ -21508.701200000010431, -111617.351600000634789 ], [ -21500.777300000190735, -111600.390599999576807 ], [ -21484.292999999597669, -111561.429700000211596 ], [ -21482.078099999576807, -111555.117200000211596 ], [ -21465.802699999883771, -111522.054700000211596 ], [ -21438.417999999597669, -111467.023399999365211 ], [ -21433.164099999703467, -111461.242200000211596 ], [ -21420.728500000201166, -111437.726600000634789 ], [ -21418.617200000211596, -111434.296900000423193 ], [ -21411.648400000296533, -111421.5625 ], [ -21408.246100000105798, -111415.507799999788404 ] ] ] ] } },
{ "type": "Feature", "properties": { "ID": 576.0, "用途_1": "商業地域", "高度_1": "15m 第4種高度地区", "容積率": 400, "建ぺい": 80 }, "geometry": { "type": "MultiPolygon", "coordinates": [ [ [ [ -21319.181599999777973, -111426.375 ], [ -21301.355499999597669, -111429.039100000634789 ], [ -21283.884800000116229, -111431.023399999365211 ], [ -21264.548799999989569, -111434.875 ], [ -21254.763700000010431, -111436.304700000211596 ], [ -21248.162100000306964, -111437.406199999153614 ], [ -21249.273400000296533, -111445.875 ], [ -21256.208999999798834, -111465.585899999365211 ], [ -21269.076200000010431, -111556.335899999365211 ], [ -21296.796900000423193, -111772.773399999365211 ], [ -21306.205099999904633, -111845.023399999365211 ], [ -21311.773400000296533, -111938.164100000634789 ], [ -21314.247999999672174, -111999.421900000423193 ], [ -21313.002000000327826, -112061.8125 ], [ -21354.296900000423193, -112062.531199999153614 ], [ -21398.894500000402331, -112062.273399999365211 ], [ -21414.529299999587238, -112062.273399999365211 ], [ -21436.234400000423193, -112061.8125 ], [ -21481.195299999788404, -112061.929700000211596 ], [ -21483.931599999777973, -111980.867200000211596 ], [ -21483.167999999597669, -111976.593699999153614 ], [ -21482.662100000306964, -111944.210899999365211 ], [ -21483.666000000201166, -111841.828099999576807 ], [ -21483.414099999703467, -111838.875 ], [ -21483.414099999703467, -111802.375 ], [ -21483.214800000190735, -111796.398399999365211 ], [ -21480.820299999788404, -111772.914100000634789 ], [ -21479.226599999703467, -111769.640599999576807 ], [ -21477.236299999989569, -111759.492200000211596 ], [ -21468.853500000201166, -111737.875 ], [ -21462.273400000296533, -111722.281199999153614 ], [ -21455.710900000296533, -111707.382799999788404 ], [ -21440.849600000306964, -111671.609400000423193 ], [ -21438.085900000296533, -111664.578099999576807 ], [ -21431.679700000211596, -111649.046900000423193 ], [ -21417.158200000412762, -111613.851600000634789 ], [ -21410.402300000190735, -111599.132799999788404 ], [ -21408.128899999894202, -111593.835899999365211 ], [ -21404.808600000105798, -111586.570299999788404 ], [ -21385.968700000084937, -111545.328099999576807 ], [ -21356.849600000306964, -111489.804700000211596 ], [ -21333.656200000084937, -111451.5625 ], [ -21319.181599999777973, -111426.375 ] ] ] ] } },
{ "type": "Feature", "properties": { "ID": 577.0, "用途_1": "商業地域", "高度_1": "12m 第4種高度地区", "容積率": 400, "建ぺい": 80 }, "geometry": { "type": "MultiPolygon", "coordinates": [ [ [ [ -21248.162100000306964, -111437.406199999153614 ], [ -21230.039099999703467, -111440.421900000423193 ], [ -21201.775399999693036, -111445.117200000211596 ], [ -21215.019500000402331, -111517.867200000211596 ], [ -21233.449199999682605, -111703.968699999153614 ], [ -21249.513700000010431, -111830.25 ], [ -21253.765599999576807, -112101.828099999576807 ], [ -21250.951200000010431, -112140.695299999788404 ], [ -21290.693400000222027, -112141.296900000423193 ], [ -21294.75, -112113.054700000211596 ], [ -21294.621100000105798, -112101.953099999576807 ], [ -21312.718700000084937, -112102.164100000634789 ], [ -21312.392599999904633, -112092.25 ], [ -21313.002000000327826, -112061.8125 ], [ -21314.247999999672174, -111999.421900000423193 ], [ -21311.773400000296533, -111938.164100000634789 ], [ -21306.205099999904633, -111845.023399999365211 ], [ -21296.796900000423193, -111772.773399999365211 ], [ -21269.076200000010431, -111556.335899999365211 ], [ -21256.208999999798834, -111465.585899999365211 ], [ -21249.273400000296533, -111445.875 ], [ -21248.162100000306964, -111437.406199999153614 ] ] ] ] } },
{ "type": "Feature", "properties": { "ID": 578.0, "用途_1": "近隣商業地域", "高度_1": "12m 第3種高度地区", "容積率": 300, "建ぺい": 80 }, "geometry": { "type": "MultiPolygon", "coordinates": [ [ [ [ -21210.529133014988474, -112279.882448923657648 ], [ -21280.158625873471465, -112293.732616187582607 ], [ -21281.757799999788404, -112286.585899999365211 ], [ -21284.822300000116229, -112269.726600000634789 ], [ -21287.121100000105798, -112219.156199999153614 ], [ -21288.988300000317395, -112153.164100000634789 ], [ -21290.693400000222027, -112141.296900000423193 ], [ -21250.951200000010431, -112140.695299999788404 ], [ -21253.765599999576807, -112101.828099999576807 ], [ -21249.513700000010431, -111830.25 ], [ -21233.449199999682605, -111703.968699999153614 ], [ -21215.019500000402331, -111517.867200000211596 ], [ -21201.775399999693036, -111445.117200000211596 ], [ -21139.150399999693036, -111455.539100000634789 ], [ -21128.947300000116229, -111457.226600000634789 ], [ -21120.052699999883771, -111458.671900000423193 ], [ -21122.781200000084937, -111467.765599999576807 ], [ -21133.066399999894202, -111512.585899999365211 ], [ -21154.372999999672174, -111796.921900000423193 ], [ -21167.597699999809265, -111839.906199999153614 ], [ -21168.332000000402331, -111860.476600000634789 ], [ -21166.863300000317395, -111901.625 ], [ -21163.548799999989569, -111925.484400000423193 ], [ -21159.320299999788404, -111928.460899999365211 ], [ -21154.134800000116229, -111939.132799999788404 ], [ -21153.234400000423193, -111952.296900000423193 ], [ -21149.230499999597669, -111988.320299999788404 ], [ -21147.027300000190735, -112036.078099999576807 ], [ -21149.964800000190735, -112066.203099999576807 ], [ -21148.496100000105798, -112109.554700000211596 ], [ -21147.027300000190735, -112131.226600000634789 ], [ -21142.619099999777973, -112152.539100000634789 ], [ -21141.150399999693036, -112192.578099999576807 ], [ -21139.955099999904633, -112205.742200000211596 ], [ -21139.781200000084937, -112250.742200000211596 ], [ -21138.983216358756181, -112259.704413553685299 ], [ -21210.529133014988474, -112279.882448923657648 ] ] ] ] } },
{ "type": "Feature", "properties": { "ID": 579.0, "用途_1": "近隣商業地域", "高度_1": "15m 第3種高度地区", "容積率": 300, "建ぺい": 80 }, "geometry": { "type": "MultiPolygon", "coordinates": [ [ [ [ -21059.385871976905037, -112237.255640718605719 ], [ -21138.983216358756181, -112259.704413553685299 ], [ -21139.781200000084937, -112250.742200000211596 ], [ -21139.955099999904633, -112205.742200000211596 ], [ -21141.150399999693036, -112192.578099999576807 ], [ -21142.619099999777973, -112152.539100000634789 ], [ -21147.027300000190735, -112131.226600000634789 ], [ -21148.496100000105798, -112109.554700000211596 ], [ -21149.964800000190735, -112066.203099999576807 ], [ -21147.027300000190735, -112036.078099999576807 ], [ -21149.230499999597669, -111988.320299999788404 ], [ -21153.234400000423193, -111952.296900000423193 ], [ -21154.134800000116229, -111939.132799999788404 ], [ -21159.320299999788404, -111928.460899999365211 ], [ -21163.548799999989569, -111925.484400000423193 ], [ -21166.863300000317395, -111901.625 ], [ -21168.332000000402331, -111860.476600000634789 ], [ -21167.597699999809265, -111839.906199999153614 ], [ -21154.372999999672174, -111796.921900000423193 ], [ -21133.066399999894202, -111512.585899999365211 ], [ -21122.781200000084937, -111467.765599999576807 ], [ -21120.052699999883771, -111458.671900000423193 ], [ -21113.451200000010431, -111459.742200000211596 ], [ -21109.013700000010431, -111461.1875 ], [ -21071.265599999576807, -111467.6875 ], [ -21064.574199999682605, -111468.632799999788404 ], [ -21005.824199999682605, -111479.382799999788404 ], [ -20999.609400000423193, -111480.968699999153614 ], [ -20992.212899999693036, -111482.195299999788404 ], [ -20986.699199999682605, -111483.156199999153614 ], [ -20973.798799999989569, -111485.523399999365211 ], [ -20975.496100000105798, -111506.414100000634789 ], [ -20980.078099999576807, -111552.367200000211596 ], [ -20980.013700000010431, -111556.195299999788404 ], [ -20988.263700000010431, -111655.453099999576807 ], [ -20989.730499999597669, -111673.039100000634789 ], [ -20989.966799999587238, -111677.781199999153614 ], [ -20990.244099999777973, -111682.195299999788404 ], [ -20991.755900000222027, -111700.335899999365211 ], [ -20994.752000000327826, -111740.789100000634789 ], [ -20995.990199999883771, -111756.398399999365211 ], [ -20998.113300000317395, -111790.210899999365211 ], [ -20999.476599999703467, -111811.945299999788404 ], [ -21002.210900000296533, -111834.164100000634789 ], [ -21003.298799999989569, -111855.257799999788404 ], [ -21004.708999999798834, -111882.617200000211596 ], [ -21006.927699999883771, -111928.976600000634789 ], [ -21006.927699999883771, -111939.554700000211596 ], [ -21007.681599999777973, -111993.796900000423193 ], [ -21008.556599999777973, -112032.875 ], [ -21008.679700000211596, -112041.132799999788404 ], [ -21008.679700000211596, -112059.929700000211596 ], [ -21008.546900000423193, -112068.140599999576807 ], [ -20968.593700000084937, -112070.679700000211596 ], [ -20964.099600000306964, -112070.203099999576807 ], [ -20937.152300000190735, -112072.179700000211596 ], [ -20922.125, -112072.914100000634789 ], [ -20918.558600000105798, -112073.117200000211596 ], [ -20889.318400000222027, -112074.742200000211596 ], [ -20889.564500000327826, -112079.171900000423193 ], [ -20890.622999999672174, -112098.125 ], [ -20891.316399999894202, -112110.570299999788404 ], [ -20885.002000000327826, -112111.414100000634789 ], [ -20886.333999999798834, -112147.359400000423193 ], [ -20906.207000000402331, -112143.476600000634789 ], [ -20911.884800000116229, -112142.492200000211596 ], [ -20971.300800000317395, -112138.578099999576807 ], [ -21005.939500000327826, -112136.359400000423193 ], [ -21005.152300000190735, -112153.382799999788404 ], [ -21004.550800000317395, -112159.406199999153614 ], [ -21002.179700000211596, -112180.75 ], [ -21002.179700000211596, -112184.406199999153614 ], [ -21000.370780193195969, -112215.483823916176334 ], [ -21059.385871976905037, -112237.255640718605719 ] ] ] ] } },
{ "type": "Feature", "properties": { "ID": 1148.0, "用途_1": "第二種中高層住居専用地域", "高度_1": "15m 第1種高度地区", "容積率": 200, "建ぺい": 60 }, "geometry": { "type": "MultiPolygon", "coordinates": [ [ [ [ -20156.607929526740918, -109036.246511467936216 ], [ -20059.385871976905037, -109159.572103543352569 ], [ -20048.173804122256115, -109176.352148906022194 ], [ -20048.285600000061095, -109199.325899999588728 ], [ -20048.358500000089407, -109214.316700000315905 ], [ -20048.426900000311434, -109228.372400000691414 ], [ -20048.495400000363588, -109242.429700000211596 ], [ -20048.529099999926984, -109249.373199999332428 ], [ -20048.565999999642372, -109256.951899999752641 ], [ -20077.263700000010431, -109257.398399999365211 ], [ -20086.888700000010431, -109257.546900000423193 ], [ -20086.894500000402331, -109400.734400000423193 ], [ -20087.070299999788404, -109495.843699999153614 ], [ -20086.919900000095367, -109601.101600000634789 ], [ -20094.457000000402331, -109603.531199999153614 ], [ -20113.673799999989569, -109604.992200000211596 ], [ -20125.458999999798834, -109605.890599999576807 ], [ -20194.222699999809265, -109608.023399999365211 ], [ -20192.242200000211596, -109584.906199999153614 ], [ -20194.974600000306964, -109420.914100000634789 ], [ -20195.900399999693036, -109391.414100000634789 ], [ -20193.832000000402331, -109270.507799999788404 ], [ -20193.127000000327826, -109233.960899999365211 ], [ -20192.757799999788404, -109214.8125 ], [ -20191.894500000402331, -109198.406199999153614 ], [ -20192.164099999703467, -109175.320299999788404 ], [ -20191.474600000306964, -109170.0625 ], [ -20191.273400000296533, -109153.351600000634789 ], [ -20191.203099999576807, -109147.515599999576807 ], [ -20189.746100000105798, -109024.718699999153614 ], [ -20167.296428500598267, -109024.683758421131643 ], [ -20156.607929526740918, -109036.246511467936216 ] ] ] ] } },
{ "type": "Feature", "properties": { "ID": 1149.0, "用途_1": "商業地域", "高度_1": "15m 第4種高度地区", "容積率": 400, "建ぺい": 80 }, "geometry": { "type": "MultiPolygon", "coordinates": [ [ [ [ -20212.60219999961555, -109822.209699999541044 ], [ -20207.332700000144541, -109822.061200000345707 ], [ -20207.809200000017881, -109827.076799999922514 ], [ -20209.719399999827147, -109847.1081000007689 ], [ -20213.81900000013411, -109885.9206000007689 ], [ -20214.80530000012368, -109896.522199999541044 ], [ -20215.125599999912083, -109899.537799999117851 ], [ -20222.119800000451505, -109965.561200000345707 ], [ -20229.147099999710917, -110032.865900000557303 ], [ -20232.777999999932945, -110085.053400000557303 ], [ -20236.24280000012368, -110120.248700000345707 ], [ -20240.084599999710917, -110159.248700000345707 ], [ -20242.93030000012368, -110188.162799999117851 ], [ -20243.397099999710917, -110192.897199999541044 ], [ -20243.897099999710917, -110196.522199999541044 ], [ -20253.815100000239909, -110290.467499999329448 ], [ -20249.18030000012368, -110291.147199999541044 ], [ -20261.463499999605119, -110371.436200000345707 ], [ -20264.647099999710917, -110397.279999999329448 ], [ -20271.670599999837577, -110405.311200000345707 ], [ -20274.350200000219047, -110409.2956000007689 ], [ -20276.246700000017881, -110412.1081000007689 ], [ -20278.168600000441074, -110415.967499999329448 ], [ -20278.945899999700487, -110419.014299999922514 ], [ -20285.438099999912083, -110454.139299999922514 ], [ -20297.695899999700487, -110495.1706000007689 ], [ -20307.074900000356138, -110534.279999999329448 ], [ -20298.55530000012368, -110535.772199999541044 ], [ -20298.611999999731779, -110544.600299999117851 ], [ -20298.483099999837577, -110566.389299999922514 ], [ -20297.897099999710917, -110609.69400000013411 ], [ -20294.291699999943376, -110610.061200000345707 ], [ -20292.604600000195205, -110610.051400000229478 ], [ -20292.308400000445545, -110610.895800000056624 ], [ -20291.684200000017881, -110613.291699999943376 ], [ -20291.259700000286102, -110615.730900000780821 ], [ -20288.709699999541044, -110635.080900000408292 ], [ -20288.584800000302494, -110636.186499999836087 ], [ -20288.031899999827147, -110642.054999999701977 ], [ -20287.421500000171363, -110644.098400000482798 ], [ -20279.215300000272691, -110667.814500000327826 ], [ -20278.332700000144541, -110669.910800000652671 ], [ -20277.505599999800324, -110672.113299999386072 ], [ -20276.853600000031292, -110674.3739 ], [ -20276.380699999630451, -110676.678600000217557 ], [ -20276.089999999850988, -110679.013399999588728 ], [ -20264.589999999850988, -110814.513399999588728 ], [ -20264.482499999925494, -110817.050100000575185 ], [ -20264.482499999925494, -110823.800100000575185 ], [ -20264.566999999806285, -110826.049599999561906 ], [ -20264.819899999536574, -110828.286499999463558 ], [ -20269.319899999536574, -110858.036499999463558 ], [ -20269.390700000338256, -110858.481599999591708 ], [ -20269.624699999578297, -110859.885600000619888 ], [ -20273.527999999932945, -110884.281300000846386 ], [ -20273.714200000278652, -110885.770800000056624 ], [ -20273.829599999822676, -110886.599600000306964 ], [ -20288.323300000280142, -110981.058800000697374 ], [ -20291.820000000298023, -111004.27449999935925 ], [ -20295.235999999567866, -111028.194499999284744 ], [ -20290.924100000411272, -111028.551899999380112 ], [ -20296.229700000025332, -111064.800599999725819 ], [ -20297.38399999961257, -111075.770700000226498 ], [ -20306.810800000093877, -111125.804700000211596 ], [ -20308.715800000354648, -111128.344699999317527 ], [ -20308.964499999769032, -111130.223200000822544 ], [ -20318.535799999721348, -111180.547100000083447 ], [ -20318.866499999538064, -111183.589800000190735 ], [ -20319.046099999919534, -111187.463500000536442 ], [ -20320.768199999816716, -111197.63150000013411 ], [ -20322.285799999721348, -111206.623700000345707 ], [ -20323.920599999837577, -111215.44400000013411 ], [ -20326.281899999827147, -111228.865900000557303 ], [ -20326.80530000012368, -111231.748700000345707 ], [ -20330.094399999827147, -111250.022199999541044 ], [ -20334.295599999837577, -111272.842499999329448 ], [ -20334.68030000012368, -111276.022199999541044 ], [ -20343.160799999721348, -111322.475299999117851 ], [ -20352.356100000441074, -111368.9831000007689 ], [ -20360.01630000025034, -111409.139299999922514 ], [ -20366.375599999912083, -111442.154999999329448 ], [ -20368.922500000335276, -111455.412799999117851 ], [ -20370.570899999700487, -111464.014299999922514 ], [ -20373.983099999837577, -111481.50650000013411 ], [ -20375.291699999943376, -111488.2331000007689 ], [ -20376.111999999731779, -111491.639299999922514 ], [ -20377.494800000451505, -111499.061200000345707 ], [ -20378.541699999943376, -111504.678400000557303 ], [ -20381.957700000144541, -111521.56900000013411 ], [ -20400.875599999912083, -111527.9831000007689 ], [ -20430.844399999827147, -111532.115900000557303 ], [ -20421.162700000219047, -111517.13150000013411 ], [ -20430.762400000356138, -111512.811200000345707 ], [ -20455.342400000430644, -111501.772199999541044 ], [ -20442.217400000430644, -111431.772199999541044 ], [ -20440.826799999922514, -111425.06900000013411 ], [ -20436.496700000017881, -111403.662799999117851 ], [ -20430.666699999943376, -111373.029999999329448 ], [ -20429.010400000028312, -111363.50650000013411 ], [ -20427.525999999605119, -111355.350299999117851 ], [ -20419.436200000345707, -111309.178400000557303 ], [ -20446.170599999837577, -111309.178400000557303 ], [ -20448.959599999710917, -111304.842499999329448 ], [ -20498.488900000229478, -111302.365900000557303 ], [ -20492.82880000025034, -111177.889299999922514 ], [ -20475.629499999806285, -111177.326799999922514 ], [ -20475.479199999943376, -111153.287799999117851 ], [ -20474.85219999961555, -111136.303400000557303 ], [ -20473.543600000441074, -111109.873700000345707 ], [ -20470.863900000229478, -111073.834699999541044 ], [ -20468.981100000441074, -111049.787799999117851 ], [ -20379.824900000356138, -111056.209699999541044 ], [ -20376.38150000013411, -111056.459699999541044 ], [ -20368.850200000219047, -111006.584699999541044 ], [ -20374.008399999700487, -111005.772199999541044 ], [ -20377.600200000219047, -111004.514299999922514 ], [ -20409.486999999731779, -110992.654999999329448 ], [ -20418.22719999961555, -110986.2956000007689 ], [ -20437.39130000025034, -110976.178400000557303 ], [ -20450.311200000345707, -110970.365900000557303 ], [ -20515.88150000013411, -110954.209699999541044 ], [ -20509.744800000451505, -110911.897199999541044 ], [ -20541.420599999837577, -110905.3581000007689 ], [ -20536.074900000356138, -110875.850299999117851 ], [ -20526.53969999961555, -110877.334699999541044 ], [ -20518.465499999932945, -110842.287799999117851 ], [ -20568.531899999827147, -110840.990900000557303 ], [ -20568.020200000144541, -110836.623700000345707 ], [ -20565.254499999806285, -110836.69400000013411 ], [ -20442.322900000028312, -110838.50650000013411 ], [ -20442.537700000219047, -110829.725299999117851 ], [ -20420.875599999912083, -110829.475299999117851 ], [ -20419.53969999961555, -110823.100299999117851 ], [ -20403.47719999961555, -110823.201799999922514 ], [ -20398.715499999932945, -110810.529999999329448 ], [ -20390.807300000451505, -110790.904999999329448 ], [ -20389.924499999731779, -110788.248700000345707 ], [ -20387.908800000324845, -110768.514299999922514 ], [ -20386.785799999721348, -110754.5456000007689 ], [ -20383.975200000219047, -110727.0456000007689 ], [ -20383.020200000144541, -110724.529999999329448 ], [ -20372.045599999837577, -110689.00650000013411 ], [ -20368.38150000013411, -110660.06900000013411 ], [ -20367.326799999922514, -110653.279999999329448 ], [ -20366.600200000219047, -110648.951799999922514 ], [ -20364.010400000028312, -110632.451799999922514 ], [ -20361.830699999816716, -110615.787799999117851 ], [ -20364.031899999827147, -110615.4206000007689 ], [ -20433.166699999943376, -110585.967499999329448 ], [ -20436.125599999912083, -110584.701799999922514 ], [ -20439.56900000013411, -110583.4206000007689 ], [ -20452.619800000451505, -110578.842499999329448 ], [ -20447.875599999912083, -110540.053400000557303 ], [ -20448.219399999827147, -110533.842499999329448 ], [ -20447.11780000012368, -110533.889299999922514 ], [ -20417.24280000012368, -110535.06900000013411 ], [ -20344.447900000028312, -110540.928400000557303 ], [ -20325.283800000324845, -110472.623700000345707 ], [ -20321.770200000144541, -110467.865900000557303 ], [ -20314.746700000017881, -110458.342499999329448 ], [ -20354.20380000025034, -110455.022199999541044 ], [ -20382.938099999912083, -110452.600299999117851 ], [ -20409.277999999932945, -110450.4831000007689 ], [ -20431.926400000229478, -110449.787799999117851 ], [ -20492.229199999943376, -110449.123700000345707 ], [ -20516.07880000025034, -110448.975299999117851 ], [ -20537.97719999961555, -110448.842499999329448 ], [ -20703.836600000038743, -110449.459699999541044 ], [ -20713.397099999710917, -110449.514299999922514 ], [ -20718.885400000028312, -110449.537799999117851 ], [ -20748.47719999961555, -110449.4206000007689 ], [ -20766.936200000345707, -110449.412799999117851 ], [ -20753.762400000356138, -110364.44400000013411 ], [ -20749.557300000451505, -110354.834699999541044 ], [ -20745.35219999961555, -110336.209699999541044 ], [ -20721.332700000144541, -110332.779999999329448 ], [ -20701.19400000013411, -110328.897199999541044 ], [ -20699.115899999625981, -110343.576799999922514 ], [ -20592.475200000219047, -110320.725299999117851 ], [ -20593.537700000219047, -110340.662799999117851 ], [ -20574.129499999806285, -110341.412799999117851 ], [ -20573.38150000013411, -110322.748700000345707 ], [ -20551.735000000335276, -110324.9831000007689 ], [ -20547.254499999806285, -110248.100299999117851 ], [ -20728.313099999912083, -110231.850299999117851 ], [ -20732.973299999721348, -110157.490900000557303 ], [ -20737.541699999943376, -110056.600299999117851 ], [ -20738.916699999943376, -110031.584699999541044 ], [ -20736.135400000028312, -110031.264299999922514 ], [ -20722.99280000012368, -110029.740900000557303 ], [ -20673.971300000324845, -110029.428400000557303 ], [ -20637.008399999700487, -110029.014299999922514 ], [ -20645.78969999961555, -109955.998700000345707 ], [ -20647.520200000144541, -109935.514299999922514 ], [ -20666.971300000324845, -109920.334699999541044 ], [ -20671.066999999806285, -109890.975299999117851 ], [ -20715.639299999922514, -109896.623700000345707 ], [ -20743.10219999961555, -109900.100299999117851 ], [ -20743.840499999932945, -109885.834699999541044 ], [ -20744.076799999922514, -109859.44400000013411 ], [ -20739.137400000356138, -109858.967499999329448 ], [ -20636.512400000356138, -109848.936200000345707 ], [ -20509.219399999827147, -109836.998700000345707 ], [ -20466.057300000451505, -109833.365900000557303 ], [ -20426.838499999605119, -109830.873700000345707 ], [ -20316.715499999932945, -109828.38150000013411 ], [ -20310.74280000012368, -109828.311200000345707 ], [ -20280.096300000324845, -109827.967499999329448 ], [ -20260.719399999827147, -109827.748700000345707 ], [ -20231.920599999837577, -109822.764299999922514 ], [ -20212.60219999961555, -109822.209699999541044 ] ] ] ] } },
{ "type": "Feature", "properties": { "ID": 362.0, "用途_1": "商業地域", "高度_1": "15m 第4種高度地区", "容積率": 500, "建ぺい": 80 }, "geometry": { "type": "MultiPolygon", "coordinates": [ [ [ [ -22106.294900000095367, -108944.453099999576807 ], [ -22085.296900000423193, -108944.968699999153614 ], [ -22078.898400000296533, -108945.164100000634789 ], [ -21997.068400000222027, -108948.179700000211596 ], [ -21962.306599999777973, -108949.257799999788404 ], [ -21961.966799999587238, -108985.242200000211596 ], [ -21990.990199999883771, -108985.828099999576807 ], [ -21990.417999999597669, -109026.828099999576807 ], [ -22023.252000000327826, -109025.773399999365211 ], [ -22089.125, -109023.039100000634789 ], [ -22109.056599999777973, -109022.515599999576807 ], [ -22106.294900000095367, -108944.453099999576807 ] ] ] ] } },
{ "type": "Feature", "properties": { "ID": 260.0, "用途_1": "第二種中高層住居専用地域", "高度_1": "15m 第1種高度地区", "容積率": 200, "建ぺい": 60 }, "geometry": { "type": "MultiPolygon", "coordinates": [ [ [ [ -21210.529133014992112, -108390.40276733294013 ], [ -21095.717802793562441, -108422.782911306960159 ], [ -21091.761699999682605, -108463.671900000423193 ], [ -21087.679700000211596, -108499.914100000634789 ], [ -21086.908200000412762, -108504.804700000211596 ], [ -21082.113300000317395, -108545.906199999153614 ], [ -21081.263700000010431, -108550.460899999365211 ], [ -21080.306599999777973, -108561.226600000634789 ], [ -21076.132799999788404, -108610.609400000423193 ], [ -21075.656200000084937, -108635.335899999365211 ], [ -21076.392599999904633, -108677.382799999788404 ], [ -21078.054700000211596, -108706.359400000423193 ], [ -21088.320299999788404, -108779.5 ], [ -21093.488300000317395, -108778.945299999788404 ], [ -21102.398400000296533, -108845.382799999788404 ], [ -21107.394500000402331, -108883.6875 ], [ -21120.570299999788404, -108932.4375 ], [ -21134.205099999904633, -108933.679700000211596 ], [ -21159.759800000116229, -108936.0 ], [ -21161.183600000105798, -108954.195299999788404 ], [ -21233.216799999587238, -108945.460899999365211 ], [ -21244.470700000412762, -108943.976600000634789 ], [ -21248.728500000201166, -108712.289100000634789 ], [ -21249.642599999904633, -108690.976600000634789 ], [ -21258.100428761215881, -108380.940248276747297 ], [ -21210.529133014992112, -108390.40276733294013 ] ] ] ] } },
{ "type": "Feature", "properties": { "ID": 264.0, "用途_1": "第二種住居地域", "高度_1": "15m 第2種高度地区", "容積率": 300, "建ぺい": 60 }, "geometry": { "type": "MultiPolygon", "coordinates": [ [ [ [ -21990.288790807262558, -108359.765926938023767 ], [ -21961.966150296717387, -108356.413721527176676 ], [ -21962.033200000412762, -108365.75 ], [ -21962.247999999672174, -108484.484400000423193 ], [ -21963.121100000105798, -108622.093699999153614 ], [ -21964.419900000095367, -108734.804700000211596 ], [ -21963.117200000211596, -108862.882799999788404 ], [ -21962.306599999777973, -108949.257799999788404 ], [ -21997.068400000222027, -108948.179700000211596 ], [ -21998.144500000402331, -108839.3125 ], [ -21998.392599999904633, -108831.601600000634789 ], [ -21999.894500000402331, -108714.859400000423193 ], [ -21998.894500000402331, -108689.968699999153614 ], [ -21996.724600000306964, -108485.890599999576807 ], [ -21998.136699999682605, -108403.328099999576807 ], [ -21997.740863940376585, -108361.248236446816009 ], [ -21990.288790807262558, -108359.765926938023767 ] ] ] ] } },
{ "type": "Feature", "properties": { "ID": 310.0, "用途_1": "商業地域", "高度_1": "31m 第1種高度地区", "容積率": 400, "建ぺい": 80 }, "geometry": { "type": "MultiPolygon", "coordinates": [ [ [ [ -22295.453849476696632, -108433.029575537992059 ], [ -22215.545557176352304, -108410.493106320078368 ], [ -22156.904299999587238, -108410.890599999576807 ], [ -22157.220700000412762, -108541.390599999576807 ], [ -22157.220700000412762, -108566.632799999788404 ], [ -22158.855499999597669, -108700.156199999153614 ], [ -22219.890599999576807, -108701.281199999153614 ], [ -22223.669900000095367, -108701.179700000211596 ], [ -22260.640599999576807, -108700.164100000634789 ], [ -22286.261699999682605, -108699.460899999365211 ], [ -22304.462899999693036, -108698.960899999365211 ], [ -22358.216799999587238, -108697.492200000211596 ], [ -22380.863300000317395, -108696.867200000211596 ], [ -22380.904299999587238, -108628.453099999576807 ], [ -22380.660199999809265, -108557.671900000423193 ], [ -22379.981938795710448, -108464.213634050654946 ], [ -22295.453849476696632, -108433.029575537992059 ] ] ] ] } },
{ "type": "Feature", "properties": { "ID": 311.0, "用途_1": "第一種住居地域", "高度_1": "15m 第2種高度地区", "容積率": 200, "建ぺい": 60 }, "geometry": { "type": "MultiPolygon", "coordinates": [ [ [ [ -20931.372640932495415, -108480.25614979803504 ], [ -20931.074199999682605, -108494.351600000634789 ], [ -20930.804700000211596, -108505.804700000211596 ], [ -20933.125, -108505.859400000423193 ], [ -20937.228500000201166, -108508.367200000211596 ], [ -20983.037100000306964, -108509.492200000211596 ], [ -20988.978500000201166, -108509.617200000211596 ], [ -20996.478500000201166, -108510.617200000211596 ], [ -21009.087899999693036, -108511.960899999365211 ], [ -21014.152300000190735, -108513.226600000634789 ], [ -21015.925800000317395, -108499.3125 ], [ -21016.734400000423193, -108494.726600000634789 ], [ -21021.931599999777973, -108459.398399999365211 ], [ -21022.72595469924272, -108446.554133050958626 ], [ -20931.372640932495415, -108480.25614979803504 ] ] ] ] } },
{ "type": "Feature", "properties": { "ID": 312.0, "用途_1": "第一種中高層住居専用地域", "高度_1": "20m 第1種高度地区", "容積率": 300, "建ぺい": 60 }, "geometry": { "type": "MultiPolygon", "coordinates": [ [ [ [ -20748.924687734892359, -108564.6180489238468 ], [ -20749.283200000412762, -108641.718699999153614 ], [ -20747.892599999904633, -108745.375 ], [ -20746.914099999703467, -108841.890599999576807 ], [ -20746.775399999693036, -108848.679700000211596 ], [ -20751.775999999605119, -108848.679400000721216 ], [ -20751.912499999627471, -108841.992499999701977 ], [ -20752.891800000332296, -108745.433599999174476 ], [ -20754.282300000078976, -108641.785599999129772 ], [ -20754.282100000418723, -108641.740399999544024 ], [ -20753.910966048053524, -108561.825598895331495 ], [ -20748.924687734892359, -108564.6180489238468 ] ] ] ] } },
{ "type": "Feature", "properties": { "ID": 313.0, "用途_1": "第一種中高層住居専用地域", "高度_1": "12m 第1種高度地区", "容積率": 300, "建ぺい": 60 }, "geometry": { "type": "MultiPolygon", "coordinates": [ [ [ [ -20769.438861247708701, -108553.129559751556371 ], [ -20753.911297896149335, -108561.825413051468786 ], [ -20754.282700000330806, -108641.695299999788404 ], [ -20754.282100000418723, -108641.740399999544024 ], [ -20752.891800000332296, -108745.433599999174476 ], [ -20751.912499999627471, -108841.992499999701977 ], [ -20751.775999999605119, -108848.679400000721216 ], [ -20771.859400000423193, -108848.671900000423193 ], [ -20845.744099999777973, -108848.632799999788404 ], [ -20846.246100000105798, -108814.085899999365211 ], [ -20851.031200000084937, -108540.421900000423193 ], [ -20851.143707416715188, -108515.463109748336137 ], [ -20769.438861247708701, -108553.129559751556371 ] ] ] ] } },
{ "type": "Feature", "properties": { "ID": 315.0, "用途_1": "近隣商業地域", "高度_1": "12m 第3種高度地区", "容積率": 200, "建ぺい": 80 }, "geometry": { "type": "MultiPolygon", "coordinates": [ [ [ [ -20930.804700000211596, -108505.804700000211596 ], [ -20911.091799999587238, -108505.335899999365211 ], [ -20910.318400000222027, -108540.648399999365211 ], [ -20910.060499999672174, -108570.679700000211596 ], [ -20929.281200000084937, -108570.781199999153614 ], [ -20930.804700000211596, -108505.804700000211596 ] ] ] ] } },
{ "type": "Feature", "properties": { "ID": 316.0, "用途_1": "近隣商業地域", "高度_1": "15m 第3種高度地区", "容積率": 200, "建ぺい": 80 }, "geometry": { "type": "MultiPolygon", "coordinates": [ [ [ [ -20930.804700000211596, -108505.804700000211596 ], [ -20929.281200000084937, -108570.781199999153614 ], [ -20931.017599999904633, -108570.789100000634789 ], [ -20960.595700000412762, -108570.9375 ], [ -21005.298799999989569, -108571.164100000634789 ], [ -21009.667999999597669, -108571.1875 ], [ -21010.1875, -108564.156199999153614 ], [ -21010.900399999693036, -108545.835899999365211 ], [ -21010.900399999693036, -108538.734400000423193 ], [ -21014.152300000190735, -108513.226600000634789 ], [ -21009.087899999693036, -108511.960899999365211 ], [ -20996.478500000201166, -108510.617200000211596 ], [ -20988.978500000201166, -108509.617200000211596 ], [ -20983.037100000306964, -108509.492200000211596 ], [ -20937.228500000201166, -108508.367200000211596 ], [ -20933.125, -108505.859400000423193 ], [ -20930.804700000211596, -108505.804700000211596 ] ] ] ] } },
{ "type": "Feature", "properties": { "ID": 321.0, "用途_1": "第一種住居地域", "高度_1": "15m 第2種高度地区", "容積率": 200, "建ぺい": 60 }, "geometry": { "type": "MultiPolygon", "coordinates": [ [ [ [ -20929.281200000084937, -108570.781199999153614 ], [ -20927.369099999777973, -108652.25 ], [ -20925.781200000084937, -108751.203099999576807 ], [ -20925.773400000296533, -108929.765599999576807 ], [ -20925.853500000201166, -108929.765599999576807 ], [ -20926.093700000084937, -108929.757799999788404 ], [ -20951.406200000084937, -108929.640599999576807 ], [ -20951.531200000084937, -108941.726600000634789 ], [ -20968.058600000105798, -108941.156199999153614 ], [ -20991.375, -108940.351600000634789 ], [ -20991.113300000317395, -108929.679700000211596 ], [ -21020.095700000412762, -108929.835899999365211 ], [ -21019.255900000222027, -108803.5 ], [ -21014.085900000296533, -108760.820299999788404 ], [ -21010.837899999693036, -108734.820299999788404 ], [ -21008.539099999703467, -108715.156199999153614 ], [ -21006.962899999693036, -108697.835899999365211 ], [ -21006.179700000211596, -108682.429700000211596 ], [ -21005.662100000306964, -108668.742200000211596 ], [ -21005.154299999587238, -108656.335899999365211 ], [ -21005.291000000201166, -108652.632799999788404 ], [ -21005.537100000306964, -108648.101600000634789 ], [ -21006.1875, -108635.945299999788404 ], [ -21006.171900000423193, -108623.710899999365211 ], [ -21007.583999999798834, -108608.5 ], [ -21008.048799999989569, -108592.265599999576807 ], [ -21009.667999999597669, -108571.1875 ], [ -21005.298799999989569, -108571.164100000634789 ], [ -20960.595700000412762, -108570.9375 ], [ -20931.017599999904633, -108570.789100000634789 ], [ -20929.281200000084937, -108570.781199999153614 ] ] ] ] } },
{ "type": "Feature", "properties": { "ID": 326.0, "用途_1": "近隣商業地域", "高度_1": "15m 第4種高度地区", "容積率": 300, "建ぺい": 80 }, "geometry": { "type": "MultiPolygon", "coordinates": [ [ [ [ -20167.296428500598267, -109024.683758421131643 ], [ -20189.746100000105798, -109024.718699999153614 ], [ -20191.203099999576807, -109147.515599999576807 ], [ -20191.273400000296533, -109153.351600000634789 ], [ -20191.474600000306964, -109170.0625 ], [ -20192.164099999703467, -109175.320299999788404 ], [ -20191.894500000402331, -109198.406199999153614 ], [ -20192.757799999788404, -109214.8125 ], [ -20193.127000000327826, -109233.960899999365211 ], [ -20193.832000000402331, -109270.507799999788404 ], [ -20195.900399999693036, -109391.414100000634789 ], [ -20194.974600000306964, -109420.914100000634789 ], [ -20192.242200000211596, -109584.906199999153614 ], [ -20194.222699999809265, -109608.023399999365211 ], [ -20212.55559999961406, -109822.208399999886751 ], [ -20212.60219999961555, -109822.209699999541044 ], [ -20231.920599999837577, -109822.764299999922514 ], [ -20260.719399999827147, -109827.748700000345707 ], [ -20280.049999999813735, -109827.967000000178814 ], [ -20263.837899999693036, -109630.9375 ], [ -20263.478500000201166, -109602.226600000634789 ], [ -20259.927699999883771, -109602.281199999153614 ], [ -20260.677699999883771, -109520.531199999153614 ], [ -20262.292999999597669, -109430.343699999153614 ], [ -20300.021499999798834, -109430.421900000423193 ], [ -20307.660199999809265, -109430.6875 ], [ -20312.503899999894202, -109431.406199999153614 ], [ -20360.638700000010431, -109433.734400000423193 ], [ -20468.117200000211596, -109433.171900000423193 ], [ -20515.449199999682605, -109433.265599999576807 ], [ -20515.439500000327826, -109434.328099999576807 ], [ -20515.427699999883771, -109435.390599999576807 ], [ -20564.847699999809265, -109434.554700000211596 ], [ -20564.835900000296533, -109433.492200000211596 ], [ -20564.824199999682605, -109432.429700000211596 ], [ -20661.222699999809265, -109430.789100000634789 ], [ -20661.257799999788404, -109430.789100000634789 ], [ -20736.599600000306964, -109474.023399999365211 ], [ -20737.486299999989569, -109590.156199999153614 ], [ -20740.095700000412762, -109779.007799999788404 ], [ -20739.098699999973178, -109858.963700000196695 ], [ -20739.137400000356138, -109858.967499999329448 ], [ -20744.038399999961257, -109859.440300000831485 ], [ -20745.210900000296533, -109783.593699999153614 ], [ -20742.443400000222027, -109589.078099999576807 ], [ -20742.382799999788404, -109589.039100000634789 ], [ -20741.986299999989569, -109529.5 ], [ -20741.990199999883771, -109436.109400000423193 ], [ -20742.787100000306964, -109395.492200000211596 ], [ -20745.169900000095367, -109304.921900000423193 ], [ -20746.058600000105798, -109275.828099999576807 ], [ -20746.503899999894202, -109237.382799999788404 ], [ -20746.535199999809265, -109232.226600000634789 ], [ -20746.476599999703467, -109207.335899999365211 ], [ -20742.117200000211596, -109207.429700000211596 ], [ -20741.853500000201166, -109232.257799999788404 ], [ -20741.605499999597669, -109255.625 ], [ -20740.218700000084937, -109305.421900000423193 ], [ -20737.582000000402331, -109399.539100000634789 ], [ -20678.916000000201166, -109365.640599999576807 ], [ -20614.162100000306964, -109367.156199999153614 ], [ -20577.824199999682605, -109367.945299999788404 ], [ -20536.017599999904633, -109368.859400000423193 ], [ -20491.443400000222027, -109369.132799999788404 ], [ -20461.818400000222027, -109368.929700000211596 ], [ -20344.466799999587238, -109368.484400000423193 ], [ -20306.677699999883771, -109366.289100000634789 ], [ -20261.917999999597669, -109366.390599999576807 ], [ -20260.673799999989569, -109249.203099999576807 ], [ -20260.160199999809265, -109234.390599999576807 ], [ -20257.9375, -109170.429700000211596 ], [ -20257.904299999587238, -109153.343699999153614 ], [ -20257.806599999777973, -109146.859400000423193 ], [ -20257.638700000010431, -109135.5 ], [ -20258.046900000423193, -109130.976600000634789 ], [ -20258.072300000116229, -109096.882799999788404 ], [ -20258.121100000105798, -109033.765599999576807 ], [ -20257.611299999989569, -109022.820299999788404 ], [ -20260.671900000423193, -109022.679700000211596 ], [ -20290.468700000084937, -109020.257799999788404 ], [ -20296.074199999682605, -109019.796900000423193 ], [ -20464.306599999777973, -109011.5 ], [ -20478.162100000306964, -109009.523399999365211 ], [ -20529.388700000010431, -109007.585899999365211 ], [ -20534.384800000116229, -109007.585899999365211 ], [ -20588.140599999576807, -109005.570299999788404 ], [ -20668.654299999587238, -109002.304700000211596 ], [ -20672.136699999682605, -109002.101600000634789 ], [ -20741.662100000306964, -109003.5625 ], [ -20741.853500000201166, -109028.8125 ], [ -20738.414099999703467, -109029.085899999365211 ], [ -20738.414099999703467, -109054.835899999365211 ], [ -20737.789099999703467, -109054.835899999365211 ], [ -20736.207000000402331, -109054.835899999365211 ], [ -20736.707000000402331, -109073.859400000423193 ], [ -20736.712899999693036, -109074.078099999576807 ], [ -20737.164099999703467, -109091.335899999365211 ], [ -20736.289099999703467, -109091.359400000423193 ], [ -20734.843700000084937, -109091.398399999365211 ], [ -20735.791000000201166, -109207.4375 ], [ -20739.480499999597669, -109207.4375 ], [ -20739.894500000402331, -109171.093699999153614 ], [ -20739.894500000402331, -109142.664100000634789 ], [ -20740.787100000306964, -109091.421900000423193 ], [ -20742.156200000084937, -109091.421900000423193 ], [ -20742.242200000211596, -109054.960899999365211 ], [ -20743.390599999576807, -109054.976600000634789 ], [ -20743.718700000084937, -109029.328099999576807 ], [ -20745.419900000095367, -109028.890599999576807 ], [ -20744.958999999798834, -108979.148399999365211 ], [ -20747.722699999809265, -108957.273399999365211 ], [ -20750.098100000061095, -108931.348500000312924 ], [ -20745.095700000412762, -108931.4375 ], [ -20599.347699999809265, -108934.093699999153614 ], [ -20533.902300000190735, -108936.359400000423193 ], [ -20529.958999999798834, -108936.539100000634789 ], [ -20474.675800000317395, -108939.117200000211596 ], [ -20384.621100000105798, -108943.875 ], [ -20291.476599999703467, -108948.648399999365211 ], [ -20260.832000000402331, -108951.242200000211596 ], [ -20260.669900000095367, -108947.820299999788404 ], [ -20259.586981152835506, -108924.844401044480037 ], [ -20167.296428500598267, -109024.683758421131643 ] ] ] ] } },
{ "type": "Feature", "properties": { "ID": 330.0, "用途_1": "近隣商業地域", "高度_1": "15m 第3種高度地区", "容積率": 200, "建ぺい": 80 }, "geometry": { "type": "MultiPolygon", "coordinates": [ [ [ [ -22852.990365311747155, -108717.108619378399453 ], [ -22773.966386956806673, -108664.306485158231226 ], [ -22703.279299999587238, -108666.234400000423193 ], [ -22703.105499999597669, -108674.820299999788404 ], [ -22703.318400000222027, -108694.460899999365211 ], [ -22703.535199999809265, -108714.203099999576807 ], [ -22703.443400000222027, -108721.898399999365211 ], [ -22832.535199999809265, -108719.265599999576807 ], [ -22854.91050531484143, -108718.622335702340933 ], [ -22852.990365311747155, -108717.108619378399453 ] ] ] ] } },
{ "type": "Feature", "properties": { "ID": 331.0, "用途_1": "商業地域", "高度_1": "20m 第4種高度地区", "容積率": 500, "建ぺい": 80 }, "geometry": { "type": "MultiPolygon", "coordinates": [ [ [ [ -22358.216799999587238, -108697.492200000211596 ], [ -22304.462899999693036, -108698.960899999365211 ], [ -22303.974600000306964, -108770.632799999788404 ], [ -22303.697300000116229, -108945.046900000423193 ], [ -22219.531200000084937, -108944.171900000423193 ], [ -22147.910199999809265, -108944.203099999576807 ], [ -22106.294900000095367, -108944.453099999576807 ], [ -22109.056599999777973, -109022.515599999576807 ], [ -22156.353500000201166, -109022.554700000211596 ], [ -22159.089800000190735, -109022.554700000211596 ], [ -22221.630900000222027, -109022.570299999788404 ], [ -22260.634800000116229, -109022.484400000423193 ], [ -22283.439500000327826, -109022.382799999788404 ], [ -22288.558600000105798, -109022.757799999788404 ], [ -22338.818400000222027, -109023.75 ], [ -22354.117200000211596, -109024.140599999576807 ], [ -22417.203099999576807, -109024.281199999153614 ], [ -22421.191399999894202, -109024.296900000423193 ], [ -22427.927699999883771, -109024.3125 ], [ -22586.638700000010431, -109024.796900000423193 ], [ -22586.386699999682605, -108994.023399999365211 ], [ -22585.484400000423193, -108945.539100000634789 ], [ -22580.945299999788404, -108945.695299999788404 ], [ -22421.252000000327826, -108945.671900000423193 ], [ -22417.726599999703467, -108945.664100000634789 ], [ -22357.619099999777973, -108945.601600000634789 ], [ -22358.185499999672174, -108915.906199999153614 ], [ -22358.443400000222027, -108845.976600000634789 ], [ -22358.330099999904633, -108780.9375 ], [ -22358.335900000296533, -108728.390599999576807 ], [ -22358.216799999587238, -108697.492200000211596 ] ] ] ] } },
{ "type": "Feature", "properties": { "ID": 332.0, "用途_1": "商業地域", "高度_1": "31m 第1種高度地区", "容積率": 500, "建ぺい": 80 }, "geometry": { "type": "MultiPolygon", "coordinates": [ [ [ [ -22304.462899999693036, -108698.960899999365211 ], [ -22286.261699999682605, -108699.460899999365211 ], [ -22260.640599999576807, -108700.164100000634789 ], [ -22223.669900000095367, -108701.179700000211596 ], [ -22222.494099999777973, -108771.320299999788404 ], [ -22260.673799999989569, -108771.0 ], [ -22285.640599999576807, -108770.882799999788404 ], [ -22285.390599999576807, -108893.789100000634789 ], [ -22260.642599999904633, -108893.789100000634789 ], [ -22220.449199999682605, -108894.156199999153614 ], [ -22219.531200000084937, -108944.171900000423193 ], [ -22303.697300000116229, -108945.046900000423193 ], [ -22303.974600000306964, -108770.632799999788404 ], [ -22304.462899999693036, -108698.960899999365211 ] ] ] ] } },
{ "type": "Feature", "properties": { "ID": 555.0, "用途_1": "商業地域", "高度_1": "20m 第4種高度地区", "容積率": 600, "建ぺい": 80 }, "geometry": { "type": "MultiPolygon", "coordinates": [ [ [ [ -21324.046900000423193, -111425.640599999576807 ], [ -21260.007799999788404, -111381.671900000423193 ], [ -21263.144500000402331, -111322.570299999788404 ], [ -21249.650399999693036, -111324.945299999788404 ], [ -21232.933600000105798, -111328.078099999576807 ], [ -21228.917999999597669, -111328.609400000423193 ], [ -21237.730499999597669, -111357.531199999153614 ], [ -21245.703099999576807, -111418.656199999153614 ], [ -21248.162100000306964, -111437.406199999153614 ], [ -21254.763700000010431, -111436.304700000211596 ], [ -21264.548799999989569, -111434.875 ], [ -21283.884800000116229, -111431.023399999365211 ], [ -21301.355499999597669, -111429.039100000634789 ], [ -21319.181599999777973, -111426.375 ], [ -21324.046900000423193, -111425.640599999576807 ] ] ] ] } },
{ "type": "Feature", "properties": { "ID": 557.0, "用途_1": "商業地域", "高度_1": "12m 第4種高度地区", "容積率": 600, "建ぺい": 80 }, "geometry": { "type": "MultiPolygon", "coordinates": [ [ [ [ -21228.917999999597669, -111328.609400000423193 ], [ -21226.324199999682605, -111329.054700000211596 ], [ -21204.410199999809265, -111332.851600000634789 ], [ -21106.271499999798834, -111349.859400000423193 ], [ -21092.396499999798834, -111352.265599999576807 ], [ -21083.912100000306964, -111354.382799999788404 ], [ -21109.556599999777973, -111423.679700000211596 ], [ -21120.052699999883771, -111458.671900000423193 ], [ -21128.947300000116229, -111457.226600000634789 ], [ -21139.150399999693036, -111455.539100000634789 ], [ -21201.775399999693036, -111445.117200000211596 ], [ -21230.039099999703467, -111440.421900000423193 ], [ -21248.162100000306964, -111437.406199999153614 ], [ -21245.703099999576807, -111418.656199999153614 ], [ -21237.730499999597669, -111357.531199999153614 ], [ -21228.917999999597669, -111328.609400000423193 ] ] ] ] } },
{ "type": "Feature", "properties": { "ID": 559.0, "用途_1": "商業地域", "高度_1": "20m 第4種高度地区", "容積率": 600, "建ぺい": 80 }, "geometry": { "type": "MultiPolygon", "coordinates": [ [ [ [ -20421.193500000052154, -111517.179199999198318 ], [ -20430.844399999827147, -111532.115900000557303 ], [ -20430.744500000029802, -111532.102099999785423 ], [ -20430.804700000211596, -111532.195299999788404 ], [ -20456.166000000201166, -111571.453099999576807 ], [ -20479.853500000201166, -111608.109400000423193 ], [ -20488.072300000116229, -111606.226600000634789 ], [ -20499.398400000296533, -111603.625 ], [ -20513.828099999576807, -111600.3125 ], [ -20527.247999999672174, -111597.234400000423193 ], [ -20550.681599999777973, -111590.867200000211596 ], [ -20590.556599999777973, -111580.398399999365211 ], [ -20595.613300000317395, -111578.945299999788404 ], [ -20629.650399999693036, -111568.015599999576807 ], [ -20651.185499999672174, -111561.539100000634789 ], [ -20740.291000000201166, -111533.625 ], [ -20768.773400000296533, -111525.515599999576807 ], [ -20787.220700000412762, -111520.351600000634789 ], [ -20802.392599999904633, -111516.445299999788404 ], [ -20838.146499999798834, -111509.875 ], [ -20843.638700000010431, -111508.875 ], [ -20900.386699999682605, -111498.375 ], [ -20903.4375, -111497.703099999576807 ], [ -20934.4375, -111492.453099999576807 ], [ -20937.339800000190735, -111491.929700000211596 ], [ -20968.958999999798834, -111486.406199999153614 ], [ -20973.798799999989569, -111485.523399999365211 ], [ -20986.699199999682605, -111483.156199999153614 ], [ -20992.212899999693036, -111482.195299999788404 ], [ -20999.609400000423193, -111480.968699999153614 ], [ -21005.824199999682605, -111479.382799999788404 ], [ -21064.574199999682605, -111468.632799999788404 ], [ -21071.265599999576807, -111467.6875 ], [ -21109.013700000010431, -111461.1875 ], [ -21113.451200000010431, -111459.742200000211596 ], [ -21120.052699999883771, -111458.671900000423193 ], [ -21109.556599999777973, -111423.679700000211596 ], [ -21083.912100000306964, -111354.382799999788404 ], [ -21077.390599999576807, -111355.679700000211596 ], [ -21033.134800000116229, -111363.343699999153614 ], [ -21029.421900000423193, -111364.085899999365211 ], [ -20977.421900000423193, -111373.335899999365211 ], [ -20972.996100000105798, -111374.281199999153614 ], [ -20965.310499999672174, -111375.5625 ], [ -20922.583999999798834, -111383.226600000634789 ], [ -20887.542999999597669, -111389.609400000423193 ], [ -20883.771499999798834, -111390.531199999153614 ], [ -20834.023400000296533, -111398.781199999153614 ], [ -20829.035199999809265, -111399.742200000211596 ], [ -20824.810499999672174, -111400.5625 ], [ -20796.615199999883771, -111405.453099999576807 ], [ -20792.365199999883771, -111406.1875 ], [ -20775.781200000084937, -111409.875 ], [ -20764.292999999597669, -111412.546900000423193 ], [ -20756.759800000116229, -111414.625 ], [ -20737.583999999798834, -111419.484400000423193 ], [ -20720.558600000105798, -111424.718699999153614 ], [ -20701.257799999788404, -111430.734400000423193 ], [ -20698.080099999904633, -111432.468699999153614 ], [ -20667.107400000095367, -111442.039100000634789 ], [ -20654.125, -111446.195299999788404 ], [ -20584.656200000084937, -111468.179700000211596 ], [ -20581.193400000222027, -111469.406199999153614 ], [ -20513.466799999587238, -111486.828099999576807 ], [ -20510.710900000296533, -111487.578099999576807 ], [ -20455.302699999883771, -111501.851600000634789 ], [ -20430.722699999809265, -111512.890599999576807 ], [ -20421.193500000052154, -111517.179199999198318 ] ] ] ] } },
{ "type": "Feature", "properties": { "ID": 563.0, "用途_1": "商業地域", "高度_1": "20m 第4種高度地区", "容積率": 400, "建ぺい": 80 }, "geometry": { "type": "MultiPolygon", "coordinates": [ [ [ [ -22935.127000000327826, -111372.906199999153614 ], [ -22910.902300000190735, -111372.117200000211596 ], [ -22876.042999999597669, -111370.281199999153614 ], [ -22857.5625, -111370.296900000423193 ], [ -22859.041000000201166, -111447.695299999788404 ], [ -22859.025399999693036, -111514.460899999365211 ], [ -22927.886699999682605, -111516.015599999576807 ], [ -22936.552699999883771, -111516.429700000211596 ], [ -22936.591799999587238, -111494.078099999576807 ], [ -22936.388700000010431, -111439.007799999788404 ], [ -22935.127000000327826, -111372.906199999153614 ] ] ] ] } },
{ "type": "Feature", "properties": { "ID": 564.0, "用途_1": "近隣商業地域", "高度_1": "20m 第3種高度地区", "容積率": 300, "建ぺい": 80 }, "geometry": { "type": "MultiPolygon", "coordinates": [ [ [ [ -22857.5625, -111370.296900000423193 ], [ -22819.152300000190735, -111370.335899999365211 ], [ -22757.421900000423193, -111372.5 ], [ -22685.638700000010431, -111376.617200000211596 ], [ -22685.488300000317395, -111376.625 ], [ -22656.785199999809265, -111378.265599999576807 ], [ -22656.632799999788404, -111378.273399999365211 ], [ -22656.291000000201166, -111423.296900000423193 ], [ -22654.808600000105798, -111439.1875 ], [ -22650.605499999597669, -111472.226600000634789 ], [ -22648.400399999693036, -111495.664100000634789 ], [ -22725.716799999587238, -111494.671900000423193 ], [ -22725.634800000116229, -111499.382799999788404 ], [ -22754.470700000412762, -111499.578099999576807 ], [ -22754.648400000296533, -111512.109400000423193 ], [ -22859.025399999693036, -111514.460899999365211 ], [ -22859.041000000201166, -111447.695299999788404 ], [ -22857.5625, -111370.296900000423193 ] ] ] ] } },
{ "type": "Feature", "properties": { "ID": 276.0, "用途_1": "近隣商業地域", "高度_1": "20m 第4種高度地区", "容積率": 300, "建ぺい": 80 }, "geometry": { "type": "MultiPolygon", "coordinates": [ [ [ [ -21059.385871976905037, -108433.029575537992059 ], [ -21022.72595469924272, -108446.554133050958626 ], [ -21021.931599999777973, -108459.398399999365211 ], [ -21016.734400000423193, -108494.726600000634789 ], [ -21015.925800000317395, -108499.3125 ], [ -21014.152300000190735, -108513.226600000634789 ], [ -21010.900399999693036, -108538.734400000423193 ], [ -21010.900399999693036, -108545.835899999365211 ], [ -21010.1875, -108564.156199999153614 ], [ -21009.667999999597669, -108571.1875 ], [ -21008.048799999989569, -108592.265599999576807 ], [ -21007.583999999798834, -108608.5 ], [ -21006.171900000423193, -108623.710899999365211 ], [ -21006.1875, -108635.945299999788404 ], [ -21005.537100000306964, -108648.101600000634789 ], [ -21005.291000000201166, -108652.632799999788404 ], [ -21005.154299999587238, -108656.335899999365211 ], [ -21005.662100000306964, -108668.742200000211596 ], [ -21006.179700000211596, -108682.429700000211596 ], [ -21006.962899999693036, -108697.835899999365211 ], [ -21008.539099999703467, -108715.156199999153614 ], [ -21010.837899999693036, -108734.820299999788404 ], [ -21014.085900000296533, -108760.820299999788404 ], [ -21019.255900000222027, -108803.5 ], [ -21054.962899999693036, -108800.757799999788404 ], [ -21052.693400000222027, -108783.320299999788404 ], [ -21088.320299999788404, -108779.5 ], [ -21078.054700000211596, -108706.359400000423193 ], [ -21076.392599999904633, -108677.382799999788404 ], [ -21075.656200000084937, -108635.335899999365211 ], [ -21076.132799999788404, -108610.609400000423193 ], [ -21080.306599999777973, -108561.226600000634789 ], [ -21081.263700000010431, -108550.460899999365211 ], [ -21082.113300000317395, -108545.906199999153614 ], [ -21086.908200000412762, -108504.804700000211596 ], [ -21087.679700000211596, -108499.914100000634789 ], [ -21091.761699999682605, -108463.671900000423193 ], [ -21095.717802793562441, -108422.782911306960159 ], [ -21059.385871976905037, -108433.029575537992059 ] ] ] ] } },
{ "type": "Feature", "properties": { "ID": 301.0, "用途_1": "第一種中高層住居専用地域", "高度_1": "20m 第1種高度地区", "容積率": 200, "建ぺい": 60 }, "geometry": { "type": "MultiPolygon", "coordinates": [ [ [ [ -20632.422731294904224, -108629.86227942010737 ], [ -20501.849356141854514, -108717.108619378399453 ], [ -20378.523764066434524, -108814.330676928235334 ], [ -20327.418736050611187, -108861.571678901993437 ], [ -20330.4375, -108861.578099999576807 ], [ -20415.431599999777973, -108859.007799999788404 ], [ -20498.435499999672174, -108856.578099999576807 ], [ -20526.877000000327826, -108855.617200000211596 ], [ -20632.683600000105798, -108852.023399999365211 ], [ -20727.556599999777973, -108848.695299999788404 ], [ -20746.775399999693036, -108848.679700000211596 ], [ -20746.914099999703467, -108841.890599999576807 ], [ -20747.892599999904633, -108745.375 ], [ -20749.283200000412762, -108641.718699999153614 ], [ -20748.924687734892359, -108564.6180489238468 ], [ -20632.422731294904224, -108629.86227942010737 ] ] ] ] } },
{ "type": "Feature", "properties": { "ID": 304.0, "用途_1": "準工業地域", "高度_1": "15m 第3種高度地区", "容積率": 200, "建ぺい": 60 }, "geometry": { "type": "MultiPolygon", "coordinates": [ [ [ [ -22722.416990158697445, -108629.86227942010737 ], [ -22703.731304355093016, -108619.39779256680049 ], [ -22703.642599999904633, -108648.218699999153614 ], [ -22703.279299999587238, -108666.234400000423193 ], [ -22773.966386956806673, -108664.306485158231226 ], [ -22722.416990158697445, -108629.86227942010737 ] ] ] ] } },
{ "type": "Feature", "properties": { "ID": 335.0, "用途_1": "準工業地域", "高度_1": "15m 第3種高度地区", "容積率": 200, "建ぺい": 60 }, "geometry": { "type": "MultiPolygon", "coordinates": [ [ [ [ -22976.315957387167145, -108814.330676928235334 ], [ -22854.91050531484143, -108718.622335702340933 ], [ -22832.535199999809265, -108719.265599999576807 ], [ -22703.443400000222027, -108721.898399999365211 ], [ -22703.75, -108734.265599999576807 ], [ -22705.142599999904633, -108770.5 ], [ -22707.505900000222027, -108833.773399999365211 ], [ -22707.5, -108851.734400000423193 ], [ -22705.460900000296533, -108863.4375 ], [ -22704.607400000095367, -108871.023399999365211 ], [ -22704.607400000095367, -108878.109400000423193 ], [ -22705.357400000095367, -108890.890599999576807 ], [ -22705.785199999809265, -108931.3125 ], [ -22705.988300000317395, -108945.195299999788404 ], [ -22763.195299999788404, -108944.531199999153614 ], [ -22796.582000000402331, -108944.507799999788404 ], [ -22796.576200000010431, -108945.023399999365211 ], [ -22796.570299999788404, -108945.539100000634789 ], [ -22859.0, -108944.976600000634789 ], [ -22907.752000000327826, -108944.9375 ], [ -22948.984400000423193, -108942.484400000423193 ], [ -22996.445299999788404, -108910.523399999365211 ], [ -23003.476599999703467, -108905.320299999788404 ], [ -23043.932239822057454, -108876.834525492318789 ], [ -22976.315957387167145, -108814.330676928235334 ] ] ] ] } },
{ "type": "Feature", "properties": { "ID": 363.0, "用途_1": "近隣商業地域", "高度_1": "15m 第4種高度地区", "容積率": 300, "建ぺい": 80 }, "geometry": { "type": "MultiPolygon", "coordinates": [ [ [ [ -21233.216799999587238, -108945.460899999365211 ], [ -21161.183600000105798, -108954.195299999788404 ], [ -21163.953099999576807, -108989.554700000211596 ], [ -21166.013700000010431, -109012.585899999365211 ], [ -21203.691399999894202, -109015.343699999153614 ], [ -21205.402300000190735, -109088.890599999576807 ], [ -21206.654299999587238, -109153.320299999788404 ], [ -21207.009800000116229, -109183.460899999365211 ], [ -21209.060499999672174, -109301.945299999788404 ], [ -21242.130900000222027, -109301.023399999365211 ], [ -21240.572300000116229, -109222.648399999365211 ], [ -21272.978500000201166, -109222.234400000423193 ], [ -21271.660199999809265, -109153.320299999788404 ], [ -21271.5625, -109142.117200000211596 ], [ -21270.482400000095367, -109017.5 ], [ -21313.208999999798834, -109017.3125 ], [ -21375.363300000317395, -109017.3125 ], [ -21448.642599999904633, -109017.5625 ], [ -21550.093700000084937, -109017.304700000211596 ], [ -21617.855499999597669, -109017.804700000211596 ], [ -21688.021499999798834, -109017.554700000211596 ], [ -21829.830099999904633, -109019.546900000423193 ], [ -21901.997999999672174, -109020.382799999788404 ], [ -21901.855499999597669, -108984.039100000634789 ], [ -21787.877000000327826, -108982.453099999576807 ], [ -21671.335900000296533, -108981.421900000423193 ], [ -21502.919900000095367, -108981.218699999153614 ], [ -21355.804700000211596, -108981.226600000634789 ], [ -21234.583999999798834, -108981.429700000211596 ], [ -21233.216799999587238, -108945.460899999365211 ] ] ] ] } },
{ "type": "Feature", "properties": { "ID": 365.0, "用途_1": "商業地域", "高度_1": "20m 第4種高度地区", "容積率": 600, "建ぺい": 80 }, "geometry": { "type": "MultiPolygon", "coordinates": [ [ [ [ -21122.326200000010431, -108973.828099999576807 ], [ -21030.613300000317395, -108966.484400000423193 ], [ -21042.357400000095367, -109045.859400000423193 ], [ -21045.472699999809265, -109080.617200000211596 ], [ -21048.878899999894202, -109153.328099999576807 ], [ -21048.042999999597669, -109189.093699999153614 ], [ -21048.035199999809265, -109193.859400000423193 ], [ -21047.089800000190735, -109301.359400000423193 ], [ -21046.902300000190735, -109305.359400000423193 ], [ -21042.277300000190735, -109428.453099999576807 ], [ -21041.984400000423193, -109467.671900000423193 ], [ -21043.646499999798834, -109568.445299999788404 ], [ -21085.439500000327826, -109568.820299999788404 ], [ -21085.474600000306964, -109576.351600000634789 ], [ -21127.017599999904633, -109574.117200000211596 ], [ -21127.859400000423193, -109468.867200000211596 ], [ -21127.816399999894202, -109428.804700000211596 ], [ -21128.875, -109303.460899999365211 ], [ -21129.824199999682605, -109187.085899999365211 ], [ -21129.966799999587238, -109153.320299999788404 ], [ -21129.601599999703467, -109072.6875 ], [ -21125.337899999693036, -109014.742200000211596 ], [ -21122.326200000010431, -108973.828099999576807 ] ] ] ] } },
{ "type": "Feature", "properties": { "ID": 367.0, "用途_1": "商業地域", "高度_1": "15m 第4種高度地区", "容積率": 600, "建ぺい": 80 }, "geometry": { "type": "MultiPolygon", "coordinates": [ [ [ [ -21901.855499999597669, -108984.039100000634789 ], [ -21901.997999999672174, -109020.382799999788404 ], [ -21900.578099999576807, -109110.140599999576807 ], [ -21989.261699999682605, -109109.679700000211596 ], [ -21990.417999999597669, -109026.828099999576807 ], [ -21990.990199999883771, -108985.828099999576807 ], [ -21961.966799999587238, -108985.242200000211596 ], [ -21901.855499999597669, -108984.039100000634789 ] ] ] ] } },
{ "type": "Feature", "properties": { "ID": 369.0, "用途_1": "第一種住居地域", "高度_1": "15m 第2種高度地区", "容積率": 200, "建ぺい": 60 }, "geometry": { "type": "MultiPolygon", "coordinates": [ [ [ [ -20739.480499999597669, -109207.4375 ], [ -20735.791000000201166, -109207.4375 ], [ -20734.843700000084937, -109091.398399999365211 ], [ -20736.289099999703467, -109091.359400000423193 ], [ -20737.164099999703467, -109091.335899999365211 ], [ -20736.712899999693036, -109074.078099999576807 ], [ -20736.707000000402331, -109073.859400000423193 ], [ -20736.207000000402331, -109054.835899999365211 ], [ -20737.789099999703467, -109054.835899999365211 ], [ -20738.414099999703467, -109054.835899999365211 ], [ -20738.414099999703467, -109029.085899999365211 ], [ -20741.853500000201166, -109028.8125 ], [ -20741.662100000306964, -109003.5625 ], [ -20672.136699999682605, -109002.101600000634789 ], [ -20668.654299999587238, -109002.304700000211596 ], [ -20588.140599999576807, -109005.570299999788404 ], [ -20534.384800000116229, -109007.585899999365211 ], [ -20529.388700000010431, -109007.585899999365211 ], [ -20478.162100000306964, -109009.523399999365211 ], [ -20464.306599999777973, -109011.5 ], [ -20296.074199999682605, -109019.796900000423193 ], [ -20290.468700000084937, -109020.257799999788404 ], [ -20260.671900000423193, -109022.679700000211596 ], [ -20257.611299999989569, -109022.820299999788404 ], [ -20258.121100000105798, -109033.765599999576807 ], [ -20258.072300000116229, -109096.882799999788404 ], [ -20258.046900000423193, -109130.976600000634789 ], [ -20257.638700000010431, -109135.5 ], [ -20257.806599999777973, -109146.859400000423193 ], [ -20257.904299999587238, -109153.343699999153614 ], [ -20257.9375, -109170.429700000211596 ], [ -20260.160199999809265, -109234.390599999576807 ], [ -20260.673799999989569, -109249.203099999576807 ], [ -20261.917999999597669, -109366.390599999576807 ], [ -20306.677699999883771, -109366.289100000634789 ], [ -20344.466799999587238, -109368.484400000423193 ], [ -20461.818400000222027, -109368.929700000211596 ], [ -20491.443400000222027, -109369.132799999788404 ], [ -20536.017599999904633, -109368.859400000423193 ], [ -20577.824199999682605, -109367.945299999788404 ], [ -20614.162100000306964, -109367.156199999153614 ], [ -20678.916000000201166, -109365.640599999576807 ], [ -20737.582000000402331, -109399.539100000634789 ], [ -20740.218700000084937, -109305.421900000423193 ], [ -20741.605499999597669, -109255.625 ], [ -20741.853500000201166, -109232.257799999788404 ], [ -20742.117200000211596, -109207.429700000211596 ], [ -20739.480499999597669, -109207.4375 ] ] ] ] } },
{ "type": "Feature", "properties": { "ID": 370.0, "用途_1": "近隣商業地域", "高度_1": "15m 第3種高度地区", "容積率": 300, "建ぺい": 80 }, "geometry": { "type": "MultiPolygon", "coordinates": [ [ [ [ -21166.013700000010431, -109012.585899999365211 ], [ -21166.484400000423193, -109017.867200000211596 ], [ -21139.031200000084937, -109015.781199999153614 ], [ -21125.337899999693036, -109014.742200000211596 ], [ -21129.601599999703467, -109072.6875 ], [ -21129.966799999587238, -109153.320299999788404 ], [ -21129.824199999682605, -109187.085899999365211 ], [ -21128.875, -109303.460899999365211 ], [ -21209.060499999672174, -109301.945299999788404 ], [ -21207.009800000116229, -109183.460899999365211 ], [ -21206.654299999587238, -109153.320299999788404 ], [ -21205.402300000190735, -109088.890599999576807 ], [ -21203.691399999894202, -109015.343699999153614 ], [ -21166.013700000010431, -109012.585899999365211 ] ] ] ] } },
{ "type": "Feature", "properties": { "ID": 371.0, "用途_1": "近隣商業地域", "高度_1": "15m 第3種高度地区", "容積率": 300, "建ぺい": 80 }, "geometry": { "type": "MultiPolygon", "coordinates": [ [ [ [ -21901.997999999672174, -109020.382799999788404 ], [ -21829.830099999904633, -109019.546900000423193 ], [ -21688.021499999798834, -109017.554700000211596 ], [ -21617.855499999597669, -109017.804700000211596 ], [ -21550.093700000084937, -109017.304700000211596 ], [ -21448.642599999904633, -109017.5625 ], [ -21375.363300000317395, -109017.3125 ], [ -21313.208999999798834, -109017.3125 ], [ -21270.482400000095367, -109017.5 ], [ -21271.5625, -109142.117200000211596 ], [ -21271.660199999809265, -109153.320299999788404 ], [ -21272.978500000201166, -109222.234400000423193 ], [ -21306.933600000105798, -109221.804700000211596 ], [ -21313.820299999788404, -109221.765599999576807 ], [ -21341.728500000201166, -109222.054700000211596 ], [ -21348.058600000105798, -109222.117200000211596 ], [ -21404.255900000222027, -109222.757799999788404 ], [ -21447.252000000327826, -109223.453099999576807 ], [ -21543.472699999809265, -109224.468699999153614 ], [ -21550.265599999576807, -109224.5625 ], [ -21612.992200000211596, -109225.453099999576807 ], [ -21619.478500000201166, -109225.539100000634789 ], [ -21686.074199999682605, -109226.195299999788404 ], [ -21726.519500000402331, -109226.585899999365211 ], [ -21756.550800000317395, -109227.539100000634789 ], [ -21888.664099999703467, -109229.265599999576807 ], [ -21897.701200000010431, -109229.1875 ], [ -21899.896499999798834, -109153.296900000423193 ], [ -21900.183600000105798, -109135.109400000423193 ], [ -21900.578099999576807, -109110.140599999576807 ], [ -21901.997999999672174, -109020.382799999788404 ] ] ] ] } },
{ "type": "Feature", "properties": { "ID": 372.0, "用途_1": "近隣商業地域", "高度_1": "15m 第3種高度地区", "容積率": 300, "建ぺい": 80 }, "geometry": { "type": "MultiPolygon", "coordinates": [ [ [ [ -22586.638700000010431, -109024.796900000423193 ], [ -22427.927699999883771, -109024.3125 ], [ -22421.191399999894202, -109024.296900000423193 ], [ -22417.203099999576807, -109024.281199999153614 ], [ -22354.117200000211596, -109024.140599999576807 ], [ -22338.818400000222027, -109023.75 ], [ -22288.558600000105798, -109022.757799999788404 ], [ -22283.439500000327826, -109022.382799999788404 ], [ -22260.634800000116229, -109022.484400000423193 ], [ -22221.630900000222027, -109022.570299999788404 ], [ -22159.089800000190735, -109022.554700000211596 ], [ -22156.353500000201166, -109022.554700000211596 ], [ -22109.056599999777973, -109022.515599999576807 ], [ -22089.125, -109023.039100000634789 ], [ -22023.252000000327826, -109025.773399999365211 ], [ -21990.417999999597669, -109026.828099999576807 ], [ -21989.261699999682605, -109109.679700000211596 ], [ -21989.201200000010431, -109114.023399999365211 ], [ -21988.916000000201166, -109134.367200000211596 ], [ -21988.542999999597669, -109153.296900000423193 ], [ -21986.429700000211596, -109226.390599999576807 ], [ -21985.497999999672174, -109258.375 ], [ -21980.468700000084937, -109397.1875 ], [ -21978.247999999672174, -109549.281199999153614 ], [ -21978.398400000296533, -109549.281199999153614 ], [ -22260.646499999798834, -109551.257799999788404 ], [ -22260.796900000423193, -109551.257799999788404 ], [ -22437.322300000116229, -109551.789100000634789 ], [ -22437.472699999809265, -109551.789100000634789 ], [ -22479.9375, -109551.789100000634789 ], [ -22480.089800000190735, -109551.789100000634789 ], [ -22594.218700000084937, -109551.789100000634789 ], [ -22592.277300000190735, -109400.726600000634789 ], [ -22590.355499999597669, -109262.007799999788404 ], [ -22590.287100000306964, -109257.203099999576807 ], [ -22587.386699999682605, -109153.289100000634789 ], [ -22586.988300000317395, -109090.078099999576807 ], [ -22586.900399999693036, -109045.625 ], [ -22586.638700000010431, -109024.796900000423193 ] ] ] ] } },
{ "type": "Feature", "properties": { "ID": 373.0, "用途_1": "第二種住居地域", "高度_1": "15m 第1種高度地区", "容積率": 200, "建ぺい": 60 }, "geometry": { "type": "MultiPolygon", "coordinates": [ [ [ [ -19994.877003160436288, -109256.116448357119225 ], [ -19997.900799999944866, -109256.163499999791384 ], [ -20001.02240000013262, -109256.21199999935925 ], [ -20007.800699999555945, -109256.317500000819564 ], [ -20008.701100000180304, -109256.331499999389052 ], [ -20016.317400000058115, -109256.450099999085069 ], [ -20029.13399999961257, -109256.64949999935925 ], [ -20039.475700000301003, -109256.810399999842048 ], [ -20048.565999999642372, -109256.951899999752641 ], [ -20048.529099999926984, -109249.373199999332428 ], [ -20048.495400000363588, -109242.429700000211596 ], [ -20048.537100000306964, -109237.706499999389052 ], [ -20048.426900000311434, -109228.372400000691414 ], [ -20048.358500000089407, -109214.316700000315905 ], [ -20048.29009999986738, -109200.01799999922514 ], [ -20048.285600000061095, -109199.325899999588728 ], [ -20048.194799999706447, -109185.466499999165535 ], [ -20048.135444693991303, -109176.409557847407996 ], [ -19994.877003160436288, -109256.116448357119225 ] ] ] ] } },
{ "type": "Feature", "properties": { "ID": 374.0, "用途_1": "商業地域", "高度_1": "15m 第4種高度地区", "容積率": 600, "建ぺい": 80 }, "geometry": { "type": "MultiPolygon", "coordinates": [ [ [ [ -22586.638700000010431, -109024.796900000423193 ], [ -22586.900399999693036, -109045.625 ], [ -22586.988300000317395, -109090.078099999576807 ], [ -22587.386699999682605, -109153.289100000634789 ], [ -22590.287100000306964, -109257.203099999576807 ], [ -22590.355499999597669, -109262.007799999788404 ], [ -22592.277300000190735, -109400.726600000634789 ], [ -22594.218700000084937, -109551.789100000634789 ], [ -22672.009800000116229, -109551.789100000634789 ], [ -22663.066399999894202, -109161.085899999365211 ], [ -22698.800800000317395, -109159.242200000211596 ], [ -22698.736299999989569, -109153.289100000634789 ], [ -22697.365199999883771, -109043.289100000634789 ], [ -22697.113300000317395, -109024.984400000423193 ], [ -22586.638700000010431, -109024.796900000423193 ] ] ] ] } },
{ "type": "Feature", "properties": { "ID": 377.0, "用途_1": "商業地域", "高度_1": "20m 第4種高度地区", "容積率": 600, "建ぺい": 80 }, "geometry": { "type": "MultiPolygon", "coordinates": [ [ [ [ -21989.261699999682605, -109109.679700000211596 ], [ -21900.578099999576807, -109110.140599999576807 ], [ -21900.183600000105798, -109135.109400000423193 ], [ -21899.896499999798834, -109153.296900000423193 ], [ -21897.701200000010431, -109229.1875 ], [ -21888.664099999703467, -109229.265599999576807 ], [ -21887.572300000116229, -109258.257799999788404 ], [ -21887.033200000412762, -109265.179700000211596 ], [ -21886.615199999883771, -109275.570299999788404 ], [ -21885.400399999693036, -109310.875 ], [ -21885.117200000211596, -109319.734400000423193 ], [ -21883.171900000423193, -109392.593699999153614 ], [ -21883.529299999587238, -109399.4375 ], [ -21883.044900000095367, -109552.945299999788404 ], [ -21902.568400000222027, -109552.273399999365211 ], [ -21902.720700000412762, -109552.265599999576807 ], [ -21921.117200000211596, -109551.632799999788404 ], [ -21921.267599999904633, -109551.625 ], [ -21948.330099999904633, -109549.085899999365211 ], [ -21948.482400000095367, -109549.085899999365211 ], [ -21978.247999999672174, -109549.281199999153614 ], [ -21980.468700000084937, -109397.1875 ], [ -21985.497999999672174, -109258.375 ], [ -21986.429700000211596, -109226.390599999576807 ], [ -21988.542999999597669, -109153.296900000423193 ], [ -21988.916000000201166, -109134.367200000211596 ], [ -21989.201200000010431, -109114.023399999365211 ], [ -21989.261699999682605, -109109.679700000211596 ] ] ] ] } },
{ "type": "Feature", "properties": { "ID": 383.0, "用途_1": "商業地域", "高度_1": "15m 第4種高度地区", "容積率": 400, "建ぺい": 80 }, "geometry": { "type": "MultiPolygon", "coordinates": [ [ [ [ -21888.664099999703467, -109229.265599999576807 ], [ -21756.550800000317395, -109227.539100000634789 ], [ -21726.519500000402331, -109226.585899999365211 ], [ -21686.074199999682605, -109226.195299999788404 ], [ -21619.478500000201166, -109225.539100000634789 ], [ -21612.992200000211596, -109225.453099999576807 ], [ -21550.265599999576807, -109224.5625 ], [ -21543.472699999809265, -109224.468699999153614 ], [ -21447.252000000327826, -109223.453099999576807 ], [ -21404.255900000222027, -109222.757799999788404 ], [ -21348.058600000105798, -109222.117200000211596 ], [ -21341.728500000201166, -109222.054700000211596 ], [ -21313.820299999788404, -109221.765599999576807 ], [ -21306.933600000105798, -109221.804700000211596 ], [ -21272.978500000201166, -109222.234400000423193 ], [ -21240.572300000116229, -109222.648399999365211 ], [ -21242.130900000222027, -109301.023399999365211 ], [ -21209.060499999672174, -109301.945299999788404 ], [ -21128.875, -109303.460899999365211 ], [ -21127.816399999894202, -109428.804700000211596 ], [ -21127.859400000423193, -109468.867200000211596 ], [ -21127.017599999904633, -109574.117200000211596 ], [ -21127.169900000095367, -109574.109400000423193 ], [ -21235.283200000412762, -109568.304700000211596 ], [ -21242.828099999576807, -109567.710899999365211 ], [ -21242.884800000116229, -109573.007799999788404 ], [ -21243.337899999693036, -109599.945299999788404 ], [ -21307.378899999894202, -109599.031199999153614 ], [ -21314.302699999883771, -109600.296900000423193 ], [ -21373.820299999788404, -109598.156199999153614 ], [ -21373.972699999809265, -109598.148399999365211 ], [ -21380.417999999597669, -109597.914100000634789 ], [ -21380.570299999788404, -109597.906199999153614 ], [ -21444.910199999809265, -109595.578099999576807 ], [ -21445.060499999672174, -109595.570299999788404 ], [ -21451.572300000116229, -109594.718699999153614 ], [ -21451.720700000412762, -109594.695299999788404 ], [ -21533.886699999682605, -109591.406199999153614 ], [ -21534.037100000306964, -109591.398399999365211 ], [ -21541.546900000423193, -109591.117200000211596 ], [ -21541.697300000116229, -109591.109400000423193 ], [ -21548.144500000402331, -109590.859400000423193 ], [ -21548.294900000095367, -109590.851600000634789 ], [ -21553.574199999682605, -109590.656199999153614 ], [ -21553.726599999703467, -109590.648399999365211 ], [ -21613.384800000116229, -109587.898399999365211 ], [ -21613.535199999809265, -109587.890599999576807 ], [ -21625.052699999883771, -109587.523399999365211 ], [ -21625.205099999904633, -109587.515599999576807 ], [ -21648.419900000095367, -109587.039100000634789 ], [ -21648.570299999788404, -109587.039100000634789 ], [ -21680.837899999693036, -109586.367200000211596 ], [ -21680.988300000317395, -109586.367200000211596 ], [ -21687.070299999788404, -109586.531199999153614 ], [ -21687.222699999809265, -109586.531199999153614 ], [ -21713.464800000190735, -109586.625 ], [ -21743.363300000317395, -109586.718699999153614 ], [ -21743.515599999576807, -109586.718699999153614 ], [ -21749.718700000084937, -109586.875 ], [ -21749.869099999777973, -109586.875 ], [ -21807.125, -109587.992200000211596 ], [ -21807.277300000190735, -109588.0 ], [ -21814.806599999777973, -109588.570299999788404 ], [ -21814.955099999904633, -109588.578099999576807 ], [ -21881.666000000201166, -109586.804700000211596 ], [ -21883.044900000095367, -109552.945299999788404 ], [ -21883.529299999587238, -109399.4375 ], [ -21883.171900000423193, -109392.593699999153614 ], [ -21885.117200000211596, -109319.734400000423193 ], [ -21885.400399999693036, -109310.875 ], [ -21886.615199999883771, -109275.570299999788404 ], [ -21887.033200000412762, -109265.179700000211596 ], [ -21887.572300000116229, -109258.257799999788404 ], [ -21888.664099999703467, -109229.265599999576807 ] ] ] ] } },
{ "type": "Feature", "properties": { "ID": 389.0, "用途_1": "商業地域", "高度_1": "31m 第1種高度地区", "容積率": 600, "建ぺい": 80 }, "geometry": { "type": "MultiPolygon", "coordinates": [ [ [ [ -23525.178925749372866, -109569.775743398116902 ], [ -23492.541115094678389, -109498.978859205235494 ], [ -23490.095700000412762, -109561.976600000634789 ], [ -23490.101599999703467, -109662.664100000634789 ], [ -23489.443400000222027, -109735.023399999365211 ], [ -23488.298799999989569, -109838.445299999788404 ], [ -23486.423799999989569, -109959.054700000211596 ], [ -23518.083999999798834, -109958.906199999153614 ], [ -23532.462899999693036, -109959.203099999576807 ], [ -23536.093700000084937, -109959.281199999153614 ], [ -23536.177699999883771, -109900.656199999153614 ], [ -23532.015599999576807, -109879.5625 ], [ -23532.259800000116229, -109744.226600000634789 ], [ -23532.525399999693036, -109697.632799999788404 ], [ -23537.357400000095367, -109663.265599999576807 ], [ -23537.094916490892501, -109602.075449650743394 ], [ -23525.178925749372866, -109569.775743398116902 ] ] ] ] } },
{ "type": "Feature", "properties": { "ID": 390.0, "用途_1": "商業地域", "高度_1": "31m 第1種高度地区", "容積率": 500, "建ぺい": 80 }, "geometry": { "type": "MultiPolygon", "coordinates": [ [ [ [ -23579.532893317107664, -109717.108619378399453 ], [ -23537.094916490892501, -109602.075449650743394 ], [ -23537.357400000095367, -109663.265599999576807 ], [ -23532.525399999693036, -109697.632799999788404 ], [ -23532.259800000116229, -109744.226600000634789 ], [ -23532.015599999576807, -109879.5625 ], [ -23536.177699999883771, -109900.656199999153614 ], [ -23536.093700000084937, -109959.281199999153614 ], [ -23570.363300000317395, -109960.906199999153614 ], [ -23563.996100000105798, -109824.281199999153614 ], [ -23610.042682786250225, -109825.288172765780473 ], [ -23579.532893317107664, -109717.108619378399453 ] ] ] ] } },
{ "type": "Feature", "properties": { "ID": 391.0, "用途_1": "近隣商業地域", "高度_1": "15m 第3種高度地区", "容積率": 300, "建ぺい": 80 }, "geometry": { "type": "MultiPolygon", "coordinates": [ [ [ [ -20262.292999999597669, -109430.343699999153614 ], [ -20260.677699999883771, -109520.531199999153614 ], [ -20259.927699999883771, -109602.281199999153614 ], [ -20263.478500000201166, -109602.226600000634789 ], [ -20263.837899999693036, -109630.9375 ], [ -20280.049999999813735, -109827.967000000178814 ], [ -20280.096300000324845, -109827.967499999329448 ], [ -20310.74280000012368, -109828.311200000345707 ], [ -20316.715499999932945, -109828.38150000013411 ], [ -20426.838499999605119, -109830.873700000345707 ], [ -20466.057300000451505, -109833.365900000557303 ], [ -20509.219399999827147, -109836.998700000345707 ], [ -20636.512400000356138, -109848.936200000345707 ], [ -20739.098699999973178, -109858.963700000196695 ], [ -20740.095700000412762, -109779.007799999788404 ], [ -20737.486299999989569, -109590.156199999153614 ], [ -20736.599600000306964, -109474.023399999365211 ], [ -20661.257799999788404, -109430.789100000634789 ], [ -20661.222699999809265, -109430.789100000634789 ], [ -20564.824199999682605, -109432.429700000211596 ], [ -20564.835900000296533, -109433.492200000211596 ], [ -20564.847699999809265, -109434.554700000211596 ], [ -20515.427699999883771, -109435.390599999576807 ], [ -20515.439500000327826, -109434.328099999576807 ], [ -20515.449199999682605, -109433.265599999576807 ], [ -20468.117200000211596, -109433.171900000423193 ], [ -20360.638700000010431, -109433.734400000423193 ], [ -20312.503899999894202, -109431.406199999153614 ], [ -20307.660199999809265, -109430.6875 ], [ -20300.021499999798834, -109430.421900000423193 ], [ -20262.292999999597669, -109430.343699999153614 ] ] ] ] } },
{ "type": "Feature", "properties": { "ID": 393.0, "用途_1": "商業地域", "高度_1": "31m 第1種高度地区", "容積率": 700, "建ぺい": 80 }, "geometry": { "type": "MultiPolygon", "coordinates": [ [ [ [ -21978.247999999672174, -109549.281199999153614 ], [ -21948.482400000095367, -109549.085899999365211 ], [ -21948.330099999904633, -109549.085899999365211 ], [ -21921.267599999904633, -109551.625 ], [ -21921.117200000211596, -109551.632799999788404 ], [ -21902.720700000412762, -109552.265599999576807 ], [ -21902.568400000222027, -109552.273399999365211 ], [ -21883.044900000095367, -109552.945299999788404 ], [ -21881.666000000201166, -109586.804700000211596 ], [ -21814.955099999904633, -109588.578099999576807 ], [ -21814.806599999777973, -109588.570299999788404 ], [ -21807.277300000190735, -109588.0 ], [ -21807.125, -109587.992200000211596 ], [ -21749.869099999777973, -109586.875 ], [ -21749.718700000084937, -109586.875 ], [ -21743.515599999576807, -109586.718699999153614 ], [ -21743.363300000317395, -109586.718699999153614 ], [ -21713.464800000190735, -109586.625 ], [ -21687.222699999809265, -109586.531199999153614 ], [ -21687.070299999788404, -109586.531199999153614 ], [ -21680.988300000317395, -109586.367200000211596 ], [ -21680.837899999693036, -109586.367200000211596 ], [ -21648.570299999788404, -109587.039100000634789 ], [ -21648.419900000095367, -109587.039100000634789 ], [ -21625.205099999904633, -109587.515599999576807 ], [ -21625.052699999883771, -109587.523399999365211 ], [ -21613.535199999809265, -109587.890599999576807 ], [ -21613.384800000116229, -109587.898399999365211 ], [ -21553.726599999703467, -109590.648399999365211 ], [ -21553.574199999682605, -109590.656199999153614 ], [ -21548.294900000095367, -109590.851600000634789 ], [ -21548.144500000402331, -109590.859400000423193 ], [ -21541.697300000116229, -109591.109400000423193 ], [ -21541.546900000423193, -109591.117200000211596 ], [ -21534.037100000306964, -109591.398399999365211 ], [ -21533.886699999682605, -109591.406199999153614 ], [ -21451.720700000412762, -109594.695299999788404 ], [ -21451.572300000116229, -109594.718699999153614 ], [ -21445.060499999672174, -109595.570299999788404 ], [ -21444.910199999809265, -109595.578099999576807 ], [ -21380.570299999788404, -109597.906199999153614 ], [ -21380.417999999597669, -109597.914100000634789 ], [ -21373.972699999809265, -109598.148399999365211 ], [ -21373.820299999788404, -109598.156199999153614 ], [ -21314.302699999883771, -109600.296900000423193 ], [ -21307.378899999894202, -109599.031199999153614 ], [ -21243.337899999693036, -109599.945299999788404 ], [ -21242.884800000116229, -109573.007799999788404 ], [ -21242.828099999576807, -109567.710899999365211 ], [ -21235.283200000412762, -109568.304700000211596 ], [ -21127.169900000095367, -109574.109400000423193 ], [ -21127.017599999904633, -109574.117200000211596 ], [ -21085.474600000306964, -109576.351600000634789 ], [ -21085.439500000327826, -109568.820299999788404 ], [ -21043.646499999798834, -109568.445299999788404 ], [ -21044.378899999894202, -109643.007799999788404 ], [ -20975.689500000327826, -109642.695299999788404 ], [ -20974.735100000165403, -109673.883600000292063 ], [ -20951.166100000031292, -109673.845499999821186 ], [ -20951.111299999989569, -109676.875 ], [ -20950.917999999597669, -109687.609400000423193 ], [ -20950.917999999597669, -109753.4375 ], [ -20950.917999999597669, -109754.453099999576807 ], [ -20953.296900000423193, -109754.445299999788404 ], [ -20953.447300000116229, -109754.453099999576807 ], [ -20970.914099999703467, -109754.75 ], [ -20973.597699999809265, -109754.375 ], [ -20974.798799999989569, -109841.273399999365211 ], [ -20985.335900000296533, -109868.546900000423193 ], [ -20985.919900000095367, -109887.585899999365211 ], [ -20981.828099999576807, -109928.492200000211596 ], [ -20977.685499999672174, -110081.257799999788404 ], [ -20974.726599999703467, -110151.085899999365211 ], [ -20973.544900000095367, -110222.179700000211596 ], [ -20973.535199999809265, -110326.007799999788404 ], [ -20971.169900000095367, -110398.148399999365211 ], [ -20971.443400000222027, -110453.203099999576807 ], [ -20971.429700000211596, -110481.898399999365211 ], [ -20972.183600000105798, -110536.343699999153614 ], [ -20972.880900000222027, -110613.789100000634789 ], [ -20972.253899999894202, -110620.078099999576807 ], [ -20978.880900000222027, -110634.992200000211596 ], [ -20985.494099999777973, -110642.156199999153614 ], [ -20986.253899999894202, -110642.984400000423193 ], [ -20989.468700000084937, -110645.5625 ], [ -20998.25, -110671.960899999365211 ], [ -21010.542999999597669, -110684.25 ], [ -21024.720700000412762, -110702.953099999576807 ], [ -21042.408200000412762, -110728.296900000423193 ], [ -21047.636699999682605, -110739.054700000211596 ], [ -21054.917999999597669, -110756.335899999365211 ], [ -21075.497999999672174, -110804.273399999365211 ], [ -21076.027300000190735, -110805.164100000634789 ], [ -21113.226599999703467, -110895.3125 ], [ -21124.021499999798834, -110921.039100000634789 ], [ -21144.904299999587238, -110972.382799999788404 ], [ -21153.478500000201166, -110992.960899999365211 ], [ -21170.628899999894202, -111034.226600000634789 ], [ -21175.976599999703467, -111033.820299999788404 ], [ -21178.093700000084937, -111048.546900000423193 ], [ -21179.910199999809265, -111055.8125 ], [ -21182.976599999703467, -111062.320299999788404 ], [ -21197.480499999597669, -111093.085899999365211 ], [ -21198.949199999682605, -111095.976600000634789 ], [ -21203.238300000317395, -111112.656199999153614 ], [ -21206.654299999587238, -111134.804700000211596 ], [ -21208.359400000423193, -111151.25 ], [ -21209.468700000084937, -111153.375 ], [ -21213.515599999576807, -111179.289100000634789 ], [ -21225.593700000084937, -111178.296900000423193 ], [ -21233.984400000423193, -111230.5 ], [ -21244.082000000402331, -111288.5625 ], [ -21248.253899999894202, -111310.468699999153614 ], [ -21249.650399999693036, -111324.945299999788404 ], [ -21263.144500000402331, -111322.570299999788404 ], [ -21260.007799999788404, -111381.671900000423193 ], [ -21324.046900000423193, -111425.640599999576807 ], [ -21328.105499999597669, -111425.046900000423193 ], [ -21328.253899999894202, -111425.023399999365211 ], [ -21374.466799999587238, -111418.968699999153614 ], [ -21374.617200000211596, -111418.945299999788404 ], [ -21408.246100000105798, -111415.507799999788404 ], [ -21408.396499999798834, -111415.492200000211596 ], [ -21420.707000000402331, -111414.234400000423193 ], [ -21420.857400000095367, -111414.218699999153614 ], [ -21479.447300000116229, -111409.265599999576807 ], [ -21479.599600000306964, -111409.25 ], [ -21486.5, -111409.015599999576807 ], [ -21486.652300000190735, -111409.007799999788404 ], [ -21535.773400000296533, -111405.171900000423193 ], [ -21535.923799999989569, -111405.156199999153614 ], [ -21576.535199999809265, -111402.570299999788404 ], [ -21576.6875, -111402.5625 ], [ -21582.517599999904633, -111402.289100000634789 ], [ -21582.667999999597669, -111402.281199999153614 ], [ -21587.685499999672174, -111401.8125 ], [ -21587.835900000296533, -111401.796900000423193 ], [ -21593.224600000306964, -111401.585899999365211 ], [ -21593.377000000327826, -111401.578099999576807 ], [ -21598.789099999703467, -111401.320299999788404 ], [ -21598.939500000327826, -111401.3125 ], [ -21652.236299999989569, -111398.054700000211596 ], [ -21652.388700000010431, -111398.046900000423193 ], [ -21673.255900000222027, -111396.773399999365211 ], [ -21673.408200000412762, -111443.929700000211596 ], [ -21738.673799999989569, -111443.4375 ], [ -21738.824199999682605, -111443.4375 ], [ -21776.122999999672174, -111441.742200000211596 ], [ -21776.275399999693036, -111441.734400000423193 ], [ -21810.933600000105798, -111441.1875 ], [ -21810.933600000105798, -111412.007799999788404 ], [ -21879.166000000201166, -111411.484400000423193 ], [ -21882.675800000317395, -111412.234400000423193 ], [ -21889.408200000412762, -111412.140599999576807 ], [ -21889.560499999672174, -111412.140599999576807 ], [ -21897.525399999693036, -111412.031199999153614 ], [ -21897.675800000317395, -111412.031199999153614 ], [ -21919.925800000317395, -111411.718699999153614 ], [ -21920.076200000010431, -111411.718699999153614 ], [ -21963.421900000423193, -111410.492200000211596 ], [ -21963.572300000116229, -111410.484400000423193 ], [ -21967.865199999883771, -111410.4375 ], [ -21968.015599999576807, -111410.4375 ], [ -21976.691399999894202, -111410.343699999153614 ], [ -21976.843700000084937, -111410.343699999153614 ], [ -21999.673799999989569, -111410.093699999153614 ], [ -21999.824199999682605, -111410.093699999153614 ], [ -22003.613300000317395, -111409.75 ], [ -22003.763700000010431, -111409.734400000423193 ], [ -22072.117200000211596, -111408.507799999788404 ], [ -22072.267599999904633, -111408.507799999788404 ], [ -22076.212899999693036, -111408.234400000423193 ], [ -22076.240199999883771, -111408.234400000423193 ], [ -22076.365199999883771, -111408.234400000423193 ], [ -22127.212899999693036, -111409.710899999365211 ], [ -22127.365199999883771, -111409.710899999365211 ], [ -22191.771499999798834, -111410.0625 ], [ -22199.150399999693036, -111410.101600000634789 ], [ -22199.300800000317395, -111410.101600000634789 ], [ -22210.150399999693036, -111410.078099999576807 ], [ -22210.298799999989569, -111410.078099999576807 ], [ -22214.708999999798834, -111409.492200000211596 ], [ -22214.859400000423193, -111409.468699999153614 ], [ -22260.648400000296533, -111407.976600000634789 ], [ -22260.800800000317395, -111407.968699999153614 ], [ -22347.896499999798834, -111406.695299999788404 ], [ -22348.048799999989569, -111406.695299999788404 ], [ -22419.675800000317395, -111407.007799999788404 ], [ -22419.252000000327826, -111434.992200000211596 ], [ -22536.853500000201166, -111434.984400000423193 ], [ -22537.003899999894202, -111434.984400000423193 ], [ -22596.589800000190735, -111434.984400000423193 ], [ -22597.064500000327826, -111422.0 ], [ -22597.380900000222027, -111381.671900000423193 ], [ -22656.632799999788404, -111378.273399999365211 ], [ -22656.785199999809265, -111378.265599999576807 ], [ -22685.488300000317395, -111376.625 ], [ -22685.638700000010431, -111376.617200000211596 ], [ -22684.054700000211596, -111346.265599999576807 ], [ -22688.037100000306964, -111295.843699999153614 ], [ -22688.048799999989569, -111278.289100000634789 ], [ -22688.015599999576807, -111265.554700000211596 ], [ -22687.953099999576807, -111240.757799999788404 ], [ -22687.622999999672174, -111176.593699999153614 ], [ -22687.292999999597669, -111132.632799999788404 ], [ -22758.996100000105798, -111132.875 ], [ -22759.802699999883771, -111110.820299999788404 ], [ -22763.384800000116229, -111081.929700000211596 ], [ -22763.408200000412762, -111077.789100000634789 ], [ -22764.804700000211596, -111044.8125 ], [ -22698.576200000010431, -111043.640599999576807 ], [ -22699.525399999693036, -111011.085899999365211 ], [ -22700.171900000423193, -110988.875 ], [ -22701.636699999682605, -110935.781199999153614 ], [ -22702.781200000084937, -110908.421900000423193 ], [ -22704.164099999703467, -110877.414100000634789 ], [ -22706.683600000105798, -110804.179700000211596 ], [ -22707.127000000327826, -110770.367200000211596 ], [ -22706.355499999597669, -110756.382799999788404 ], [ -22706.839800000190735, -110699.890599999576807 ], [ -22706.968700000084937, -110670.945299999788404 ], [ -22707.431599999777973, -110653.328099999576807 ], [ -22708.949199999682605, -110635.710899999365211 ], [ -22774.9375, -110636.343699999153614 ], [ -22775.089800000190735, -110636.343699999153614 ], [ -22852.699199999682605, -110637.765599999576807 ], [ -22852.849600000306964, -110637.765599999576807 ], [ -22872.070299999788404, -110638.0625 ], [ -22872.222699999809265, -110638.0625 ], [ -22910.396499999798834, -110638.648399999365211 ], [ -22910.548799999989569, -110638.648399999365211 ], [ -22949.179700000211596, -110638.367200000211596 ], [ -22949.330099999904633, -110638.367200000211596 ], [ -22989.425800000317395, -110638.0625 ], [ -22989.578099999576807, -110638.0625 ], [ -23036.0625, -110637.984400000423193 ], [ -23036.0625, -110610.0625 ], [ -23037.164099999703467, -110591.0625 ], [ -23037.902300000190735, -110576.546900000423193 ], [ -23038.691399999894202, -110551.203099999576807 ], [ -23039.667999999597669, -110509.843699999153614 ], [ -23046.015599999576807, -110509.960899999365211 ], [ -23046.476599999703467, -110467.890599999576807 ], [ -23047.582000000402331, -110366.960899999365211 ], [ -23056.355499999597669, -110358.843699999153614 ], [ -22998.339800000190735, -110360.515599999576807 ], [ -22998.1875, -110360.523399999365211 ], [ -22985.746100000105798, -110360.875 ], [ -22985.593700000084937, -110360.882799999788404 ], [ -22959.044900000095367, -110361.601600000634789 ], [ -22958.894500000402331, -110361.601600000634789 ], [ -22915.144500000402331, -110361.367200000211596 ], [ -22914.992200000211596, -110361.367200000211596 ], [ -22844.906200000084937, -110364.007799999788404 ], [ -22844.753899999894202, -110364.007799999788404 ], [ -22810.611299999989569, -110364.046900000423193 ], [ -22810.458999999798834, -110364.046900000423193 ], [ -22713.533200000412762, -110364.039100000634789 ], [ -22716.193400000222027, -110228.585899999365211 ], [ -22717.060499999672174, -110093.859400000423193 ], [ -22713.798799999989569, -109994.132799999788404 ], [ -22712.597699999809265, -109957.335899999365211 ], [ -22711.804700000211596, -109929.484400000423193 ], [ -22708.962899999693036, -109829.632799999788404 ], [ -22708.622999999672174, -109821.781199999153614 ], [ -22707.029299999587238, -109733.265599999576807 ], [ -22706.949199999682605, -109728.781199999153614 ], [ -22706.796900000423193, -109728.789100000634789 ], [ -22678.085900000296533, -109729.75 ], [ -22677.935499999672174, -109729.75 ], [ -22652.653199999593198, -109729.417799999937415 ], [ -22653.652800000272691, -109690.161399999633431 ], [ -22507.263700000010431, -109690.351600000634789 ], [ -22507.113300000317395, -109690.351600000634789 ], [ -22502.412100000306964, -109690.031199999153614 ], [ -22502.689500000327826, -109635.203099999576807 ], [ -22480.371100000105798, -109635.242200000211596 ], [ -22480.089800000190735, -109551.789100000634789 ], [ -22479.9375, -109551.789100000634789 ], [ -22437.472699999809265, -109551.789100000634789 ], [ -22437.322300000116229, -109551.789100000634789 ], [ -22260.796900000423193, -109551.257799999788404 ], [ -22260.646499999798834, -109551.257799999788404 ], [ -21978.398400000296533, -109549.281199999153614 ], [ -21978.247999999672174, -109549.281199999153614 ] ], [ [ -22568.417999999597669, -111206.070299999788404 ], [ -22568.267599999904633, -111206.070299999788404 ], [ -22485.861299999989569, -111205.9375 ], [ -22485.708999999798834, -111205.945299999788404 ], [ -22484.730499999597669, -111205.984400000423193 ], [ -22480.3125, -111206.164100000634789 ], [ -22480.160199999809265, -111206.171900000423193 ], [ -22422.445299999788404, -111205.890599999576807 ], [ -22422.292999999597669, -111205.890599999576807 ], [ -22417.503899999894202, -111205.859400000423193 ], [ -22417.351599999703467, -111205.859400000423193 ], [ -22353.015599999576807, -111205.539100000634789 ], [ -22352.863300000317395, -111205.539100000634789 ], [ -22341.947300000116229, -111205.773399999365211 ], [ -22341.796900000423193, -111205.773399999365211 ], [ -22277.550800000317395, -111205.898399999365211 ], [ -22277.400399999693036, -111205.898399999365211 ], [ -22272.443400000222027, -111205.898399999365211 ], [ -22272.291000000201166, -111205.898399999365211 ], [ -22260.646499999798834, -111205.843699999153614 ], [ -22260.494099999777973, -111205.843699999153614 ], [ -22233.519500000402331, -111205.703099999576807 ], [ -22211.724600000306964, -111205.578099999576807 ], [ -22211.572300000116229, -111205.578099999576807 ], [ -22206.509800000116229, -111205.328099999576807 ], [ -22206.357400000095367, -111205.328099999576807 ], [ -22144.257799999788404, -111204.117200000211596 ], [ -22144.107400000095367, -111204.125 ], [ -22140.326200000010431, -111204.375 ], [ -22140.173799999989569, -111204.367200000211596 ], [ -22123.576200000010431, -111203.843699999153614 ], [ -22123.425800000317395, -111203.843699999153614 ], [ -22110.804700000211596, -111203.843699999153614 ], [ -22110.652300000190735, -111203.843699999153614 ], [ -22080.226599999703467, -111203.835899999365211 ], [ -22080.074199999682605, -111203.835899999365211 ], [ -22073.853500000201166, -111203.609400000423193 ], [ -22073.701200000010431, -111203.601600000634789 ], [ -22015.763700000010431, -111204.085899999365211 ], [ -22015.611299999989569, -111204.093699999153614 ], [ -22012.478500000201166, -111204.273399999365211 ], [ -22012.552699999883771, -111174.218699999153614 ], [ -22011.714800000190735, -111170.429700000211596 ], [ -22008.677699999883771, -111039.906199999153614 ], [ -22010.052699999883771, -111033.382799999788404 ], [ -22009.548799999989569, -111001.632799999788404 ], [ -22010.337899999693036, -110995.679700000211596 ], [ -22015.593700000084937, -110933.203099999576807 ], [ -22015.697300000116229, -110929.804700000211596 ], [ -22016.115199999883771, -110894.632799999788404 ], [ -22016.585900000296533, -110858.984400000423193 ], [ -22045.210900000296533, -110859.164100000634789 ], [ -22045.398400000296533, -110770.046900000423193 ], [ -22044.908200000412762, -110764.148399999365211 ], [ -22044.402300000190735, -110653.429700000211596 ], [ -22044.353500000201166, -110631.718699999153614 ], [ -22075.171900000423193, -110631.671900000423193 ], [ -22075.111299999989569, -110602.242200000211596 ], [ -22128.371100000105798, -110602.234400000423193 ], [ -22128.523400000296533, -110602.234400000423193 ], [ -22210.787100000306964, -110602.992200000211596 ], [ -22210.939500000327826, -110602.992200000211596 ], [ -22260.689500000327826, -110604.171900000423193 ], [ -22260.841799999587238, -110604.171900000423193 ], [ -22293.464800000190735, -110603.851600000634789 ], [ -22293.617200000211596, -110603.851600000634789 ], [ -22303.638700000010431, -110603.742200000211596 ], [ -22303.791000000201166, -110603.742200000211596 ], [ -22311.103500000201166, -110603.664100000634789 ], [ -22340.761699999682605, -110603.359400000423193 ], [ -22340.914099999703467, -110603.367200000211596 ], [ -22353.960900000296533, -110603.882799999788404 ], [ -22354.113300000317395, -110603.882799999788404 ], [ -22488.392599999904633, -110603.421900000423193 ], [ -22493.349600000306964, -110604.648399999365211 ], [ -22562.224600000306964, -110602.359400000423193 ], [ -22562.377000000327826, -110602.351600000634789 ], [ -22565.240199999883771, -110602.195299999788404 ], [ -22565.394500000402331, -110602.1875 ], [ -22566.234400000423193, -110633.703099999576807 ], [ -22566.810499999672174, -110653.320299999788404 ], [ -22567.386699999682605, -110672.9375 ], [ -22568.460900000296533, -110709.578099999576807 ], [ -22568.833999999798834, -110784.726600000634789 ], [ -22568.578099999576807, -110868.5 ], [ -22569.349600000306964, -110926.789100000634789 ], [ -22571.140599999576807, -110995.632799999788404 ], [ -22570.367200000211596, -111037.960899999365211 ], [ -22569.939500000327826, -111096.757799999788404 ], [ -22569.642599999904633, -111174.0625 ], [ -22568.417999999597669, -111206.070299999788404 ] ], [ [ -21881.431599999777973, -111004.203099999576807 ], [ -21880.931599999777973, -111033.468699999153614 ], [ -21878.806599999777973, -111039.468699999153614 ], [ -21880.005900000222027, -111171.718699999153614 ], [ -21879.576200000010431, -111196.164100000634789 ], [ -21879.582000000402331, -111203.843699999153614 ], [ -21817.535199999809265, -111203.851600000634789 ], [ -21817.386699999682605, -111203.867200000211596 ], [ -21810.781200000084937, -111204.617200000211596 ], [ -21810.710900000296533, -111204.625 ], [ -21810.630900000222027, -111204.625 ], [ -21764.558600000105798, -111203.851600000634789 ], [ -21764.408200000412762, -111203.835899999365211 ], [ -21760.697300000116229, -111203.367200000211596 ], [ -21760.546900000423193, -111203.351600000634789 ], [ -21740.810499999672174, -111203.351600000634789 ], [ -21740.658200000412762, -111203.351600000634789 ], [ -21715.404299999587238, -111203.343699999153614 ], [ -21715.253899999894202, -111203.343699999153614 ], [ -21696.906200000084937, -111202.859400000423193 ], [ -21696.753899999894202, -111202.851600000634789 ], [ -21664.222699999809265, -111202.851600000634789 ], [ -21661.068400000222027, -111201.398399999365211 ], [ -21617.468700000084937, -111201.679700000211596 ], [ -21617.316399999894202, -111201.679700000211596 ], [ -21607.177699999883771, -111201.335899999365211 ], [ -21607.025399999693036, -111201.343699999153614 ], [ -21602.357400000095367, -111201.585899999365211 ], [ -21602.205099999904633, -111201.585899999365211 ], [ -21545.339800000190735, -111202.570299999788404 ], [ -21545.191399999894202, -111202.593699999153614 ], [ -21533.582000000402331, -111204.335899999365211 ], [ -21533.433600000105798, -111204.335899999365211 ], [ -21524.468700000084937, -111204.359400000423193 ], [ -21524.318400000222027, -111204.359400000423193 ], [ -21500.406200000084937, -111204.609400000423193 ], [ -21500.253899999894202, -111204.609400000423193 ], [ -21477.728500000201166, -111204.882799999788404 ], [ -21468.896499999798834, -111202.1875 ], [ -21460.166000000201166, -111201.765599999576807 ], [ -21460.013700000010431, -111201.757799999788404 ], [ -21410.154299999587238, -111202.078099999576807 ], [ -21404.945299999788404, -111200.093699999153614 ], [ -21362.335900000296533, -111200.859400000423193 ], [ -21362.183600000105798, -111200.859400000423193 ], [ -21342.451200000010431, -111200.984400000423193 ], [ -21340.367200000211596, -111169.734400000423193 ], [ -21302.925800000317395, -111169.351600000634789 ], [ -21303.544900000095367, -111155.164100000634789 ], [ -21309.041000000201166, -111030.171900000423193 ], [ -21310.320299999788404, -111023.265599999576807 ], [ -21310.568400000222027, -110976.109400000423193 ], [ -21310.814500000327826, -110955.734400000423193 ], [ -21312.306599999777973, -110906.0 ], [ -21312.818400000222027, -110892.343699999153614 ], [ -21312.349600000306964, -110833.468699999153614 ], [ -21312.333999999798834, -110827.125 ], [ -21312.349600000306964, -110821.0 ], [ -21312.566399999894202, -110796.742200000211596 ], [ -21313.064500000327826, -110766.085899999365211 ], [ -21313.185499999672174, -110760.0 ], [ -21312.041000000201166, -110653.343699999153614 ], [ -21312.041000000201166, -110635.242200000211596 ], [ -21312.054700000211596, -110603.257799999788404 ], [ -21325.017599999904633, -110602.890599999576807 ], [ -21325.169900000095367, -110602.882799999788404 ], [ -21329.017599999904633, -110602.781199999153614 ], [ -21329.169900000095367, -110602.773399999365211 ], [ -21335.117200000211596, -110602.617200000211596 ], [ -21335.269500000402331, -110602.609400000423193 ], [ -21394.589800000190735, -110601.445299999788404 ], [ -21394.742200000211596, -110601.445299999788404 ], [ -21398.945299999788404, -110601.382799999788404 ], [ -21399.097699999809265, -110601.382799999788404 ], [ -21459.560499999672174, -110600.531199999153614 ], [ -21459.710900000296533, -110600.531199999153614 ], [ -21464.009800000116229, -110600.578099999576807 ], [ -21464.160199999809265, -110600.578099999576807 ], [ -21498.951200000010431, -110600.148399999365211 ], [ -21499.103500000201166, -110600.148399999365211 ], [ -21510.273400000296533, -110599.695299999788404 ], [ -21510.423799999989569, -110599.695299999788404 ], [ -21541.765599999576807, -110599.835899999365211 ], [ -21541.917999999597669, -110599.835899999365211 ], [ -21546.185499999672174, -110600.0625 ], [ -21546.335900000296533, -110600.0625 ], [ -21574.005900000222027, -110600.101600000634789 ], [ -21603.179700000211596, -110600.140599999576807 ], [ -21603.330099999904633, -110600.140599999576807 ], [ -21607.578099999576807, -110600.140599999576807 ], [ -21607.730499999597669, -110600.140599999576807 ], [ -21666.908200000412762, -110600.210899999365211 ], [ -21667.060499999672174, -110600.210899999365211 ], [ -21672.923799999989569, -110600.226600000634789 ], [ -21673.074199999682605, -110600.226600000634789 ], [ -21722.439500000327826, -110601.0 ], [ -21722.591799999587238, -110601.0 ], [ -21807.074199999682605, -110602.3125 ], [ -21807.074199999682605, -110634.210899999365211 ], [ -21840.064500000327826, -110634.664100000634789 ], [ -21840.214800000190735, -110634.664100000634789 ], [ -21840.306599999777973, -110762.695299999788404 ], [ -21840.5625, -110767.031199999153614 ], [ -21840.308600000105798, -110818.226600000634789 ], [ -21840.052699999883771, -110883.703099999576807 ], [ -21839.070299999788404, -110897.726600000634789 ], [ -21840.050800000317395, -110984.328099999576807 ], [ -21840.894500000402331, -111004.195299999788404 ], [ -21852.835900000296533, -111004.343699999153614 ], [ -21881.431599999777973, -111004.203099999576807 ] ], [ [ -22355.039099999703467, -109790.398399999365211 ], [ -22374.332000000402331, -109793.343699999153614 ], [ -22428.066399999894202, -109794.531199999153614 ], [ -22428.216799999587238, -109794.531199999153614 ], [ -22433.896499999798834, -109794.398399999365211 ], [ -22434.048799999989569, -109794.398399999365211 ], [ -22462.068400000222027, -109793.757799999788404 ], [ -22484.005900000222027, -109793.265599999576807 ], [ -22484.158200000412762, -109793.273399999365211 ], [ -22490.882799999788404, -109793.632799999788404 ], [ -22491.035199999809265, -109793.632799999788404 ], [ -22521.990199999883771, -109793.726600000634789 ], [ -22522.142599999904633, -109793.726600000634789 ], [ -22520.041000000201166, -109826.523399999365211 ], [ -22519.583999999798834, -109830.070299999788404 ], [ -22519.583999999798834, -109956.945299999788404 ], [ -22520.201200000010431, -109964.085899999365211 ], [ -22516.496100000105798, -110094.265599999576807 ], [ -22516.496100000105798, -110097.851600000634789 ], [ -22516.398400000296533, -110226.664100000634789 ], [ -22518.406200000084937, -110231.539100000634789 ], [ -22519.439500000327826, -110359.164100000634789 ], [ -22519.296900000423193, -110364.1875 ], [ -22519.406200000084937, -110393.765599999576807 ], [ -22519.253899999894202, -110393.765599999576807 ], [ -22489.072300000116229, -110393.820299999788404 ], [ -22488.921900000423193, -110393.820299999788404 ], [ -22483.320299999788404, -110393.718699999153614 ], [ -22483.169900000095367, -110393.718699999153614 ], [ -22435.931599999777973, -110394.585899999365211 ], [ -22435.779299999587238, -110394.585899999365211 ], [ -22358.203099999576807, -110396.015599999576807 ], [ -22358.052699999883771, -110396.007799999788404 ], [ -22344.853500000201166, -110395.625 ], [ -22344.701200000010431, -110395.617200000211596 ], [ -22280.556599999777973, -110395.289100000634789 ], [ -22280.404299999587238, -110395.289100000634789 ], [ -22277.453099999576807, -110395.265599999576807 ], [ -22277.302699999883771, -110395.265599999576807 ], [ -22260.537100000306964, -110395.179700000211596 ], [ -22260.384800000116229, -110395.179700000211596 ], [ -22215.671900000423193, -110394.632799999788404 ], [ -22215.519500000402331, -110394.632799999788404 ], [ -22209.230499999597669, -110394.609400000423193 ], [ -22209.078099999576807, -110394.609400000423193 ], [ -22203.322300000116229, -110394.601600000634789 ], [ -22203.171900000423193, -110394.601600000634789 ], [ -22122.224600000306964, -110395.671900000423193 ], [ -22122.072300000116229, -110395.671900000423193 ], [ -22115.865199999883771, -110395.632799999788404 ], [ -22115.712899999693036, -110395.632799999788404 ], [ -22079.462899999693036, -110395.484400000423193 ], [ -22079.710900000296533, -110362.476600000634789 ], [ -22046.054700000211596, -110362.734400000423193 ], [ -22046.470700000412762, -110358.125 ], [ -22046.470700000412762, -110230.570299999788404 ], [ -22046.611299999989569, -110223.960899999365211 ], [ -22046.601599999703467, -110132.125 ], [ -22046.710900000296533, -110100.148399999365211 ], [ -22046.730499999597669, -110093.546900000423193 ], [ -22046.951200000010431, -110033.421900000423193 ], [ -22047.048799999989569, -109993.210899999365211 ], [ -22015.865199999883771, -109992.875 ], [ -22015.912100000306964, -109959.132799999788404 ], [ -22016.605499999597669, -109821.554700000211596 ], [ -22016.257799999788404, -109788.406199999153614 ], [ -22019.627000000327826, -109788.421900000423193 ], [ -22019.779299999587238, -109788.421900000423193 ], [ -22058.279299999587238, -109788.726600000634789 ], [ -22058.431599999777973, -109788.726600000634789 ], [ -22087.087899999693036, -109788.796900000423193 ], [ -22087.238300000317395, -109788.796900000423193 ], [ -22141.945299999788404, -109788.359400000423193 ], [ -22142.097699999809265, -109788.359400000423193 ], [ -22152.0625, -109788.226600000634789 ], [ -22152.212899999693036, -109788.226600000634789 ], [ -22158.656200000084937, -109788.132799999788404 ], [ -22158.808600000105798, -109788.132799999788404 ], [ -22211.886699999682605, -109787.429700000211596 ], [ -22212.037100000306964, -109787.429700000211596 ], [ -22218.783200000412762, -109787.335899999365211 ], [ -22218.935499999672174, -109787.335899999365211 ], [ -22260.962899999693036, -109787.617200000211596 ], [ -22261.115199999883771, -109787.617200000211596 ], [ -22281.212899999693036, -109787.906199999153614 ], [ -22281.363300000317395, -109787.906199999153614 ], [ -22287.716799999587238, -109788.007799999788404 ], [ -22287.869099999777973, -109788.007799999788404 ], [ -22347.039099999703467, -109788.875 ], [ -22355.039099999703467, -109790.398399999365211 ] ], [ [ -21844.027300000190735, -109783.6875 ], [ -21843.966799999587238, -109814.085899999365211 ], [ -21843.957000000402331, -109820.882799999788404 ], [ -21843.9375, -109830.625 ], [ -21843.806599999777973, -109872.281199999153614 ], [ -21843.568400000222027, -109951.898399999365211 ], [ -21840.439500000327826, -109969.609400000423193 ], [ -21839.585900000296533, -110092.890599999576807 ], [ -21839.527300000190735, -110101.9375 ], [ -21838.712899999693036, -110229.421900000423193 ], [ -21837.779299999587238, -110235.726600000634789 ], [ -21838.404299999587238, -110279.710899999365211 ], [ -21838.634800000116229, -110296.320299999788404 ], [ -21839.525399999693036, -110359.039100000634789 ], [ -21839.375, -110359.039100000634789 ], [ -21805.746100000105798, -110358.867200000211596 ], [ -21805.730499999597669, -110391.179700000211596 ], [ -21802.414099999703467, -110391.218699999153614 ], [ -21802.263700000010431, -110391.218699999153614 ], [ -21669.900399999693036, -110390.593699999153614 ], [ -21664.103500000201166, -110389.242200000211596 ], [ -21611.597699999809265, -110389.031199999153614 ], [ -21611.445299999788404, -110389.031199999153614 ], [ -21602.984400000423193, -110388.992200000211596 ], [ -21602.832000000402331, -110388.992200000211596 ], [ -21546.753899999894202, -110388.898399999365211 ], [ -21546.601599999703467, -110388.898399999365211 ], [ -21536.132799999788404, -110388.921900000423193 ], [ -21535.980499999597669, -110388.921900000423193 ], [ -21464.273400000296533, -110388.703099999576807 ], [ -21464.121100000105798, -110388.703099999576807 ], [ -21453.617200000211596, -110388.546900000423193 ], [ -21453.464800000190735, -110388.546900000423193 ], [ -21394.917999999597669, -110387.695299999788404 ], [ -21394.765599999576807, -110387.695299999788404 ], [ -21388.511699999682605, -110387.593699999153614 ], [ -21388.359400000423193, -110387.593699999153614 ], [ -21331.646499999798834, -110387.132799999788404 ], [ -21331.494099999777973, -110387.132799999788404 ], [ -21313.125, -110388.148399999365211 ], [ -21312.6875, -110353.8125 ], [ -21311.650399999693036, -110280.0 ], [ -21310.349600000306964, -110222.828099999576807 ], [ -21307.380900000222027, -110098.835899999365211 ], [ -21302.566399999894202, -109950.828099999576807 ], [ -21283.820299999788404, -109927.679700000211596 ], [ -21282.261699999682605, -109821.703099999576807 ], [ -21281.767599999904633, -109788.164100000634789 ], [ -21311.263700000010431, -109787.601600000634789 ], [ -21311.414099999703467, -109787.601600000634789 ], [ -21315.691399999894202, -109787.515599999576807 ], [ -21318.097699999809265, -109787.468699999153614 ], [ -21318.247999999672174, -109787.468699999153614 ], [ -21378.037100000306964, -109787.664100000634789 ], [ -21378.189500000327826, -109787.664100000634789 ], [ -21384.259800000116229, -109787.648399999365211 ], [ -21384.412100000306964, -109787.648399999365211 ], [ -21396.752000000327826, -109787.460899999365211 ], [ -21426.541000000201166, -109787.007799999788404 ], [ -21426.693400000222027, -109787.007799999788404 ], [ -21444.804700000211596, -109787.304700000211596 ], [ -21444.955099999904633, -109787.304700000211596 ], [ -21451.294900000095367, -109787.406199999153614 ], [ -21451.447300000116229, -109787.406199999153614 ], [ -21539.033200000412762, -109788.789100000634789 ], [ -21539.183600000105798, -109788.804700000211596 ], [ -21545.392599999904633, -109789.445299999788404 ], [ -21545.542999999597669, -109789.445299999788404 ], [ -21606.871100000105798, -109789.468699999153614 ], [ -21607.023400000296533, -109789.468699999153614 ], [ -21613.470700000412762, -109789.476600000634789 ], [ -21613.621100000105798, -109789.476600000634789 ], [ -21673.087899999693036, -109789.476600000634789 ], [ -21673.240199999883771, -109789.476600000634789 ], [ -21682.240199999883771, -109789.070299999788404 ], [ -21682.392599999904633, -109789.0625 ], [ -21737.980499999597669, -109786.484400000423193 ], [ -21738.130900000222027, -109786.476600000634789 ], [ -21747.091799999587238, -109786.171900000423193 ], [ -21747.244099999777973, -109786.164100000634789 ], [ -21806.142599999904633, -109784.125 ], [ -21806.294900000095367, -109784.117200000211596 ], [ -21813.492200000211596, -109784.039100000634789 ], [ -21813.644500000402331, -109784.039100000634789 ], [ -21843.875, -109783.6875 ], [ -21844.027300000190735, -109783.6875 ] ] ] ] } },
{ "type": "Feature", "properties": { "ID": 395.0, "用途_1": "商業地域", "高度_1": "15m 第4種高度地区", "容積率": 700, "建ぺい": 80 }, "geometry": { "type": "MultiPolygon", "coordinates": [ [ [ [ -22672.009800000116229, -109551.789100000634789 ], [ -22594.218700000084937, -109551.789100000634789 ], [ -22480.089800000190735, -109551.789100000634789 ], [ -22480.371100000105798, -109635.242200000211596 ], [ -22502.689500000327826, -109635.203099999576807 ], [ -22502.412100000306964, -109690.031199999153614 ], [ -22507.113300000317395, -109690.351600000634789 ], [ -22507.263700000010431, -109690.351600000634789 ], [ -22653.652800000272691, -109690.161399999633431 ], [ -22652.653199999593198, -109729.417799999937415 ], [ -22677.935499999672174, -109729.75 ], [ -22678.085900000296533, -109729.75 ], [ -22706.796900000423193, -109728.789100000634789 ], [ -22706.285199999809265, -109700.351600000634789 ], [ -22773.470700000412762, -109698.781199999153614 ], [ -22772.699199999682605, -109666.0625 ], [ -22770.929700000211596, -109591.164100000634789 ], [ -22673.015599999576807, -109595.6875 ], [ -22672.009800000116229, -109551.789100000634789 ] ] ] ] } },
{ "type": "Feature", "properties": { "ID": 399.0, "用途_1": "商業地域", "高度_1": "12m 第4種高度地区", "容積率": 600, "建ぺい": 80 }, "geometry": { "type": "MultiPolygon", "coordinates": [ [ [ [ -20831.212899999693036, -109642.070299999788404 ], [ -20831.269500000402331, -109649.125 ], [ -20830.230499999597669, -109705.093699999153614 ], [ -20829.410199999809265, -109752.875 ], [ -20877.320299999788404, -109752.820299999788404 ], [ -20897.80350000038743, -109752.796099999919534 ], [ -20897.908200000412762, -109749.463400000706315 ], [ -20897.917999999597669, -109723.605799999088049 ], [ -20898.081199999898672, -109642.456100000068545 ], [ -20877.857400000095367, -109642.343699999153614 ], [ -20831.212899999693036, -109642.070299999788404 ] ] ] ] } },
{ "type": "Feature", "properties": { "ID": 400.0, "用途_1": "商業地域", "高度_1": "15m 第4種高度地区", "容積率": 600, "建ぺい": 80 }, "geometry": { "type": "MultiPolygon", "coordinates": [ [ [ [ -20898.081199999898672, -109642.456100000068545 ], [ -20897.917999999597669, -109723.605799999088049 ], [ -20897.908200000412762, -109749.463400000706315 ], [ -20897.80350000038743, -109752.796099999919534 ], [ -20903.806599999777973, -109752.789100000634789 ], [ -20950.917999999597669, -109753.4375 ], [ -20950.917999999597669, -109687.609400000423193 ], [ -20951.111299999989569, -109676.875 ], [ -20951.166100000031292, -109673.845499999821186 ], [ -20951.728500000201166, -109642.765599999576807 ], [ -20905.986299999989569, -109642.5 ], [ -20898.081199999898672, -109642.456100000068545 ] ] ] ] } },
{ "type": "Feature", "properties": { "ID": 401.0, "用途_1": "商業地域", "高度_1": "15m 第4種高度地区", "容積率": 700, "建ぺい": 80 }, "geometry": { "type": "MultiPolygon", "coordinates": [ [ [ [ -20975.689500000327826, -109642.695299999788404 ], [ -20951.728500000201166, -109642.765599999576807 ], [ -20951.166100000031292, -109673.845499999821186 ], [ -20974.735100000165403, -109673.883600000292063 ], [ -20975.689500000327826, -109642.695299999788404 ] ] ] ] } },
{ "type": "Feature", "properties": { "ID": 402.0, "用途_1": "近隣商業地域", "高度_1": "15m 第4種高度地区", "容積率": 300, "建ぺい": 80 }, "geometry": { "type": "MultiPolygon", "coordinates": [ [ [ [ -23447.205099999904633, -109648.773399999365211 ], [ -23257.002000000327826, -109654.1875 ], [ -23205.517599999904633, -109654.976600000634789 ], [ -23138.697300000116229, -109657.054700000211596 ], [ -23064.095700000412762, -109659.382799999788404 ], [ -22923.066399999894202, -109662.796900000423193 ], [ -22846.343700000084937, -109664.609400000423193 ], [ -22772.699199999682605, -109666.0625 ], [ -22773.470700000412762, -109698.781199999153614 ], [ -22706.285199999809265, -109700.351600000634789 ], [ -22706.796900000423193, -109728.789100000634789 ], [ -22706.949199999682605, -109728.781199999153614 ], [ -22707.029299999587238, -109733.265599999576807 ], [ -22775.285199999809265, -109731.5625 ], [ -22847.138700000010431, -109729.773399999365211 ], [ -22923.179700000211596, -109727.875 ], [ -23043.210900000296533, -109724.976600000634789 ], [ -23089.679700000211596, -109723.656199999153614 ], [ -23162.292999999597669, -109721.601600000634789 ], [ -23258.359400000423193, -109719.031199999153614 ], [ -23313.277300000190735, -109718.007799999788404 ], [ -23388.957000000402331, -109716.601600000634789 ], [ -23447.285199999809265, -109715.515599999576807 ], [ -23446.894500000402331, -109709.593699999153614 ], [ -23447.072300000116229, -109698.406199999153614 ], [ -23447.177699999883771, -109663.179700000211596 ], [ -23447.205099999904633, -109648.773399999365211 ] ] ] ] } },
{ "type": "Feature", "properties": { "ID": 587.0, "用途_1": "商業地域", "高度_1": "15m 第4種高度地区", "容積率": 400, "建ぺい": 80 }, "geometry": { "type": "MultiPolygon", "coordinates": [ [ [ [ -22673.645072993091162, -112067.736522827093722 ], [ -22616.431599999777973, -112064.4375 ], [ -22542.882799999788404, -112062.265599999576807 ], [ -22541.683600000105798, -112105.9375 ], [ -22603.917413018571096, -112106.785888677753974 ], [ -22673.645072993091162, -112067.736522827093722 ] ] ], [ [ [ -22932.23829057391049, -111890.702570028763148 ], [ -22932.789099999703467, -111845.992200000211596 ], [ -22933.996100000105798, -111748.226600000634789 ], [ -22951.863300000317395, -111748.867200000211596 ], [ -22964.644500000402331, -111749.320299999788404 ], [ -23038.144500000402331, -111750.703099999576807 ], [ -23090.30671853464446, -111750.582563586751348 ], [ -23091.633423099894571, -111749.356170501399902 ], [ -23142.248393395086168, -111694.601204118735041 ], [ -23136.128899999894202, -111694.648399999365211 ], [ -23108.382799999788404, -111695.367200000211596 ], [ -23064.787100000306964, -111695.007799999788404 ], [ -23064.752000000327826, -111684.867200000211596 ], [ -23044.814500000327826, -111684.710899999365211 ], [ -22970.351599999703467, -111683.351600000634789 ], [ -22951.230499999597669, -111682.6875 ], [ -22934.867200000211596, -111682.125 ], [ -22936.455099999904633, -111570.531199999153614 ], [ -22936.466799999587238, -111562.984400000423193 ], [ -22936.497999999672174, -111546.531199999153614 ], [ -22936.552699999883771, -111516.429700000211596 ], [ -22927.886699999682605, -111516.015599999576807 ], [ -22859.025399999693036, -111514.460899999365211 ], [ -22859.019500000402331, -111534.242200000211596 ], [ -22858.894500000402331, -111603.734400000423193 ], [ -22858.863300000317395, -111621.375 ], [ -22857.058600000105798, -111697.351600000634789 ], [ -22896.277300000190735, -111697.671900000423193 ], [ -22895.583999999798834, -111742.398399999365211 ], [ -22894.492200000211596, -111821.468699999153614 ], [ -22893.205099999904633, -111918.953099999576807 ], [ -22893.16922811952827, -111921.502135426620953 ], [ -22932.23829057391049, -111890.702570028763148 ] ] ] ] } },
{ "type": "Feature", "properties": { "ID": 592.0, "用途_1": "第一種住居地域", "高度_1": "15m 第2種高度地区", "容積率": 200, "建ぺい": 60 }, "geometry": { "type": "MultiPolygon", "coordinates": [ [ [ [ -22936.497999999672174, -111546.531199999153614 ], [ -22936.466799999587238, -111562.984400000423193 ], [ -22936.455099999904633, -111570.531199999153614 ], [ -22934.867200000211596, -111682.125 ], [ -22951.230499999597669, -111682.6875 ], [ -22970.351599999703467, -111683.351600000634789 ], [ -23044.814500000327826, -111684.710899999365211 ], [ -23064.752000000327826, -111684.867200000211596 ], [ -23065.121100000105798, -111645.429700000211596 ], [ -23064.837899999693036, -111636.8125 ], [ -23062.919900000095367, -111580.992200000211596 ], [ -23061.708999999798834, -111561.5625 ], [ -23039.908200000412762, -111561.554700000211596 ], [ -23017.556599999777973, -111553.968699999153614 ], [ -22936.497999999672174, -111546.531199999153614 ] ] ] ] } },
{ "type": "Feature", "properties": { "ID": 594.0, "用途_1": "近隣商業地域", "高度_1": "15m 第4種高度地区", "容積率": 300, "建ぺい": 80 }, "geometry": { "type": "MultiPolygon", "coordinates": [ [ [ [ -20456.166000000201166, -111571.453099999576807 ], [ -20431.513700000010431, -111593.406199999153614 ], [ -20437.595700000412762, -111603.0 ], [ -20465.830099999904633, -111647.523399999365211 ], [ -20467.511699999682605, -111649.914100000634789 ], [ -20477.740199999883771, -111666.234400000423193 ], [ -20480.486299999989569, -111671.039100000634789 ], [ -20482.263700000010431, -111673.421900000423193 ], [ -20508.105499999597669, -111714.617200000211596 ], [ -20509.628899999894202, -111717.117200000211596 ], [ -20519.232400000095367, -111742.195299999788404 ], [ -20522.484400000423193, -111774.328099999576807 ], [ -20543.582000000402331, -111769.679700000211596 ], [ -20586.095700000412762, -111746.0625 ], [ -20584.3125, -111715.781199999153614 ], [ -20538.605499999597669, -111640.476600000634789 ], [ -20526.304700000211596, -111619.320299999788404 ], [ -20523.683600000105798, -111616.203099999576807 ], [ -20513.828099999576807, -111600.3125 ], [ -20499.398400000296533, -111603.625 ], [ -20488.072300000116229, -111606.226600000634789 ], [ -20479.853500000201166, -111608.109400000423193 ], [ -20456.166000000201166, -111571.453099999576807 ] ] ] ] } },
{ "type": "Feature", "properties": { "ID": 595.0, "用途_1": "第一種住居地域", "高度_1": "15m 第2種高度地区", "容積率": 200, "建ぺい": 60 }, "geometry": { "type": "MultiPolygon", "coordinates": [ [ [ [ -23247.191386740440066, -111571.933754838784807 ], [ -23238.468700000084937, -111571.789100000634789 ], [ -23238.706921808952757, -111582.696247296655201 ], [ -23247.191386740440066, -111571.933754838784807 ] ] ] ] } },
{ "type": "Feature", "properties": { "ID": 1113.0, "用途_1": "商業地域", "高度_1": "15m 第4種高度地区", "容積率": 400, "建ぺい": 80 }, "geometry": { "type": "MultiPolygon", "coordinates": [ [ [ [ -22355.039099999703467, -109790.398399999365211 ], [ -22347.039099999703467, -109788.875 ], [ -22287.869099999777973, -109788.007799999788404 ], [ -22287.716799999587238, -109788.007799999788404 ], [ -22281.363300000317395, -109787.906199999153614 ], [ -22281.212899999693036, -109787.906199999153614 ], [ -22261.115199999883771, -109787.617200000211596 ], [ -22260.962899999693036, -109787.617200000211596 ], [ -22218.935499999672174, -109787.335899999365211 ], [ -22218.783200000412762, -109787.335899999365211 ], [ -22212.037100000306964, -109787.429700000211596 ], [ -22211.886699999682605, -109787.429700000211596 ], [ -22158.808600000105798, -109788.132799999788404 ], [ -22158.656200000084937, -109788.132799999788404 ], [ -22152.212899999693036, -109788.226600000634789 ], [ -22152.0625, -109788.226600000634789 ], [ -22142.097699999809265, -109788.359400000423193 ], [ -22141.945299999788404, -109788.359400000423193 ], [ -22087.238300000317395, -109788.796900000423193 ], [ -22087.087899999693036, -109788.796900000423193 ], [ -22058.431599999777973, -109788.726600000634789 ], [ -22058.279299999587238, -109788.726600000634789 ], [ -22019.779299999587238, -109788.421900000423193 ], [ -22019.627000000327826, -109788.421900000423193 ], [ -22016.257799999788404, -109788.406199999153614 ], [ -22016.605499999597669, -109821.554700000211596 ], [ -22015.912100000306964, -109959.132799999788404 ], [ -22015.865199999883771, -109992.875 ], [ -22047.048799999989569, -109993.210899999365211 ], [ -22046.951200000010431, -110033.421900000423193 ], [ -22046.730499999597669, -110093.546900000423193 ], [ -22046.710900000296533, -110100.148399999365211 ], [ -22046.601599999703467, -110132.125 ], [ -22046.611299999989569, -110223.960899999365211 ], [ -22046.470700000412762, -110230.570299999788404 ], [ -22046.470700000412762, -110358.125 ], [ -22046.054700000211596, -110362.734400000423193 ], [ -22079.710900000296533, -110362.476600000634789 ], [ -22079.462899999693036, -110395.484400000423193 ], [ -22115.712899999693036, -110395.632799999788404 ], [ -22115.865199999883771, -110395.632799999788404 ], [ -22122.072300000116229, -110395.671900000423193 ], [ -22122.224600000306964, -110395.671900000423193 ], [ -22203.171900000423193, -110394.601600000634789 ], [ -22203.322300000116229, -110394.601600000634789 ], [ -22209.078099999576807, -110394.609400000423193 ], [ -22209.230499999597669, -110394.609400000423193 ], [ -22215.519500000402331, -110394.632799999788404 ], [ -22215.671900000423193, -110394.632799999788404 ], [ -22260.384800000116229, -110395.179700000211596 ], [ -22260.537100000306964, -110395.179700000211596 ], [ -22277.302699999883771, -110395.265599999576807 ], [ -22277.453099999576807, -110395.265599999576807 ], [ -22280.404299999587238, -110395.289100000634789 ], [ -22280.556599999777973, -110395.289100000634789 ], [ -22344.701200000010431, -110395.617200000211596 ], [ -22344.853500000201166, -110395.625 ], [ -22358.052699999883771, -110396.007799999788404 ], [ -22358.203099999576807, -110396.015599999576807 ], [ -22435.779299999587238, -110394.585899999365211 ], [ -22435.931599999777973, -110394.585899999365211 ], [ -22483.169900000095367, -110393.718699999153614 ], [ -22483.320299999788404, -110393.718699999153614 ], [ -22488.921900000423193, -110393.820299999788404 ], [ -22489.072300000116229, -110393.820299999788404 ], [ -22519.253899999894202, -110393.765599999576807 ], [ -22519.406200000084937, -110393.765599999576807 ], [ -22519.296900000423193, -110364.1875 ], [ -22519.439500000327826, -110359.164100000634789 ], [ -22518.406200000084937, -110231.539100000634789 ], [ -22516.398400000296533, -110226.664100000634789 ], [ -22516.496100000105798, -110097.851600000634789 ], [ -22516.496100000105798, -110094.265599999576807 ], [ -22520.201200000010431, -109964.085899999365211 ], [ -22519.583999999798834, -109956.945299999788404 ], [ -22519.583999999798834, -109830.070299999788404 ], [ -22520.041000000201166, -109826.523399999365211 ], [ -22522.142599999904633, -109793.726600000634789 ], [ -22521.990199999883771, -109793.726600000634789 ], [ -22491.035199999809265, -109793.632799999788404 ], [ -22490.882799999788404, -109793.632799999788404 ], [ -22484.158200000412762, -109793.273399999365211 ], [ -22484.005900000222027, -109793.265599999576807 ], [ -22462.068400000222027, -109793.757799999788404 ], [ -22434.048799999989569, -109794.398399999365211 ], [ -22433.896499999798834, -109794.398399999365211 ], [ -22428.216799999587238, -109794.531199999153614 ], [ -22428.066399999894202, -109794.531199999153614 ], [ -22374.332000000402331, -109793.343699999153614 ], [ -22355.039099999703467, -109790.398399999365211 ] ] ] ] } },
{ "type": "Feature", "properties": { "ID": 596.0, "用途_1": "商業地域", "高度_1": "15m 第4種高度地区", "容積率": 600, "建ぺい": 80 }, "geometry": { "type": "MultiPolygon", "coordinates": [ [ [ [ -21404.808600000105798, -111586.570299999788404 ], [ -21408.128899999894202, -111593.835899999365211 ], [ -21410.402300000190735, -111599.132799999788404 ], [ -21417.158200000412762, -111613.851600000634789 ], [ -21431.679700000211596, -111649.046900000423193 ], [ -21430.585900000296533, -111630.273399999365211 ], [ -21428.109400000423193, -111619.132799999788404 ], [ -21420.916000000201166, -111604.679700000211596 ], [ -21404.808600000105798, -111586.570299999788404 ] ] ] ] } },
{ "type": "Feature", "properties": { "ID": 600.0, "用途_1": "商業地域", "高度_1": "20m 第2種高度地区", "容積率": 400, "建ぺい": 80 }, "geometry": { "type": "MultiPolygon", "coordinates": [ [ [ [ -23151.594444791309797, -111684.490702679613605 ], [ -23135.792999999597669, -111684.765599999576807 ], [ -23109.681599999777973, -111685.218699999153614 ], [ -23064.752000000327826, -111684.867200000211596 ], [ -23064.787100000306964, -111695.007799999788404 ], [ -23108.382799999788404, -111695.367200000211596 ], [ -23136.128899999894202, -111694.648399999365211 ], [ -23142.248393395086168, -111694.601204118735041 ], [ -23151.594444791309797, -111684.490702679613605 ] ] ] ] } },
{ "type": "Feature", "properties": { "ID": 601.0, "用途_1": "商業地域", "高度_1": "15m 第4種高度地区", "容積率": 600, "建ぺい": 80 }, "geometry": { "type": "MultiPolygon", "coordinates": [ [ [ [ -21541.642599999904633, -111700.031199999153614 ], [ -21532.527300000190735, -111700.031199999153614 ], [ -21529.542999999597669, -111699.820299999788404 ], [ -21529.542999999597669, -111768.796900000423193 ], [ -21532.587899999693036, -111768.773399999365211 ], [ -21569.761699999682605, -111768.5 ], [ -21559.861299999989569, -111744.453099999576807 ], [ -21554.089800000190735, -111729.796900000423193 ], [ -21541.642599999904633, -111700.031199999153614 ] ] ] ] } },
{ "type": "Feature", "properties": { "ID": 604.0, "用途_1": "近隣商業地域", "高度_1": "12m 第3種高度地区", "容積率": 200, "建ぺい": 80 }, "geometry": { "type": "MultiPolygon", "coordinates": [ [ [ [ -20355.835357037245558, -111834.981591599702369 ], [ -20384.785199999809265, -111827.164100000634789 ], [ -20411.044900000095367, -111820.335899999365211 ], [ -20409.671900000423193, -111802.632799999788404 ], [ -20416.824199999682605, -111797.742200000211596 ], [ -20488.593700000084937, -111781.796900000423193 ], [ -20522.484400000423193, -111774.328099999576807 ], [ -20519.232400000095367, -111742.195299999788404 ], [ -20509.628899999894202, -111717.117200000211596 ], [ -20508.105499999597669, -111714.617200000211596 ], [ -20472.232400000095367, -111722.085899999365211 ], [ -20423.724600000306964, -111732.5625 ], [ -20389.347699999809265, -111739.718699999153614 ], [ -20365.015599999576807, -111745.296900000423193 ], [ -20356.593700000084937, -111761.406199999153614 ], [ -20353.195299999788404, -111765.882799999788404 ], [ -20345.763700000010431, -111773.335899999365211 ], [ -20342.398400000296533, -111774.078099999576807 ], [ -20306.570299999788404, -111784.054700000211596 ], [ -20302.200329027295084, -111785.40188168748864 ], [ -20355.835357037245558, -111834.981591599702369 ] ] ] ] } },
{ "type": "Feature", "properties": { "ID": 606.0, "用途_1": "第二種住居地域", "高度_1": "15m 第2種高度地区", "容積率": 300, "建ぺい": 60 }, "geometry": { "type": "MultiPolygon", "coordinates": [ [ [ [ -20616.321485823464172, -112029.664428568576113 ], [ -20613.076200000010431, -111992.757799999788404 ], [ -20605.984400000423193, -111931.0625 ], [ -20599.791000000201166, -111882.648399999365211 ], [ -20599.236299999989569, -111878.195299999788404 ], [ -20595.986299999989569, -111852.945299999788404 ], [ -20596.287100000306964, -111849.625 ], [ -20591.537100000306964, -111806.875 ], [ -20591.082000000402331, -111799.5625 ], [ -20586.095700000412762, -111746.0625 ], [ -20543.582000000402331, -111769.679700000211596 ], [ -20522.484400000423193, -111774.328099999576807 ], [ -20525.037100000306964, -111799.546900000423193 ], [ -20526.318400000222027, -111812.5625 ], [ -20526.548799999989569, -111816.953099999576807 ], [ -20534.8125, -111900.093699999153614 ], [ -20536.302699999883771, -111915.234400000423193 ], [ -20541.148400000296533, -111968.773399999365211 ], [ -20543.304700000211596, -111980.523399999365211 ], [ -20543.322868353719969, -111980.888311777656781 ], [ -20616.321485823464172, -112029.664428568576113 ] ] ], [ [ [ -20769.438861247708701, -112117.155656505041406 ], [ -20849.642207161017723, -112154.129905409266939 ], [ -20883.185499999672174, -112153.4375 ], [ -20886.558600000105798, -112153.382799999788404 ], [ -20886.333999999798834, -112147.359400000423193 ], [ -20885.002000000327826, -112111.414100000634789 ], [ -20891.316399999894202, -112110.570299999788404 ], [ -20890.622999999672174, -112098.125 ], [ -20889.564500000327826, -112079.171900000423193 ], [ -20879.769500000402331, -112079.765599999576807 ], [ -20778.859400000423193, -112085.9375 ], [ -20732.810499999672174, -112088.9375 ], [ -20733.060499999672174, -112087.921900000423193 ], [ -20733.3125, -112086.906199999153614 ], [ -20716.975469581913785, -112087.774745462374995 ], [ -20769.438861247708701, -112117.155656505041406 ] ] ] ] } },
{ "type": "Feature", "properties": { "ID": 607.0, "用途_1": "第一種住居地域", "高度_1": "15m 第2種高度地区", "容積率": 200, "建ぺい": 60 }, "geometry": { "type": "MultiPolygon", "coordinates": [ [ [ [ -22976.315957387167145, -111855.954539328362443 ], [ -23090.30671853464446, -111750.582563586751348 ], [ -23038.144500000402331, -111750.703099999576807 ], [ -22964.644500000402331, -111749.320299999788404 ], [ -22951.863300000317395, -111748.867200000211596 ], [ -22933.996100000105798, -111748.226600000634789 ], [ -22932.789099999703467, -111845.992200000211596 ], [ -22932.23829057391049, -111890.702570028763148 ], [ -22976.315957387167145, -111855.954539328362443 ] ] ] ] } },
{ "type": "Feature", "properties": { "ID": 611.0, "用途_1": "第一種中高層住居専用地域", "高度_1": "12m 第1種高度地区", "容積率": 200, "建ぺい": 60 }, "geometry": { "type": "MultiPolygon", "coordinates": [ [ [ [ -20378.523764066434524, -111855.954539328362443 ], [ -20501.849356141854514, -111953.176596878198325 ], [ -20543.322868353719969, -111980.888311777656781 ], [ -20543.304700000211596, -111980.523399999365211 ], [ -20541.148400000296533, -111968.773399999365211 ], [ -20536.302699999883771, -111915.234400000423193 ], [ -20534.8125, -111900.093699999153614 ], [ -20526.548799999989569, -111816.953099999576807 ], [ -20526.318400000222027, -111812.5625 ], [ -20525.037100000306964, -111799.546900000423193 ], [ -20522.484400000423193, -111774.328099999576807 ], [ -20488.593700000084937, -111781.796900000423193 ], [ -20416.824199999682605, -111797.742200000211596 ], [ -20409.671900000423193, -111802.632799999788404 ], [ -20411.044900000095367, -111820.335899999365211 ], [ -20384.785199999809265, -111827.164100000634789 ], [ -20355.835357037245558, -111834.981591599702369 ], [ -20378.523764066434524, -111855.954539328362443 ] ] ] ] } },
{ "type": "Feature", "properties": { "ID": 407.0, "用途_1": "近隣商業地域", "高度_1": "15m 第3種高度地区", "容積率": 300, "建ぺい": 80 }, "geometry": { "type": "MultiPolygon", "coordinates": [ [ [ [ -23447.285199999809265, -109715.515599999576807 ], [ -23388.957000000402331, -109716.601600000634789 ], [ -23313.277300000190735, -109718.007799999788404 ], [ -23258.359400000423193, -109719.031199999153614 ], [ -23162.292999999597669, -109721.601600000634789 ], [ -23089.679700000211596, -109723.656199999153614 ], [ -23043.210900000296533, -109724.976600000634789 ], [ -22923.179700000211596, -109727.875 ], [ -22847.138700000010431, -109729.773399999365211 ], [ -22775.285199999809265, -109731.5625 ], [ -22707.029299999587238, -109733.265599999576807 ], [ -22708.622999999672174, -109821.781199999153614 ], [ -22708.962899999693036, -109829.632799999788404 ], [ -22711.804700000211596, -109929.484400000423193 ], [ -22773.974600000306964, -109929.781199999153614 ], [ -22846.060499999672174, -109931.765599999576807 ], [ -22918.011699999682605, -109934.546900000423193 ], [ -22980.146499999798834, -109935.4375 ], [ -23090.726599999703467, -109934.617200000211596 ], [ -23116.398400000296533, -109933.273399999365211 ], [ -23164.886699999682605, -109932.156199999153614 ], [ -23261.244099999777973, -109930.171900000423193 ], [ -23350.917999999597669, -109928.085899999365211 ], [ -23416.382799999788404, -109926.390599999576807 ], [ -23444.650399999693036, -109925.656199999153614 ], [ -23445.015599999576807, -109869.328099999576807 ], [ -23445.447300000116229, -109806.367200000211596 ], [ -23446.384800000116229, -109768.390599999576807 ], [ -23447.234400000423193, -109733.1875 ], [ -23447.285199999809265, -109715.515599999576807 ] ] ] ] } },
{ "type": "Feature", "properties": { "ID": 408.0, "用途_1": "準工業地域", "高度_1": "20m 第3種高度地区", "容積率": 200, "建ぺい": 60 }, "geometry": { "type": "MultiPolygon", "coordinates": [ [ [ [ -23677.419860726800835, -110335.142608128298889 ], [ -23671.254528193057922, -110178.224416672615916 ], [ -23652.796541917075956, -110022.273678047844442 ], [ -23622.159701522155956, -109868.251880416486529 ], [ -23610.042682786250225, -109825.288172765780473 ], [ -23563.996100000105798, -109824.281199999153614 ], [ -23570.363300000317395, -109960.906199999153614 ], [ -23571.013700000010431, -109975.210899999365211 ], [ -23562.683600000105798, -109974.953099999576807 ], [ -23556.275399999693036, -109975.351600000634789 ], [ -23552.744099999777973, -109976.523399999365211 ], [ -23549.015599999576807, -109979.539100000634789 ], [ -23542.802699999883771, -109994.070299999788404 ], [ -23540.972699999809265, -109998.125 ], [ -23540.972699999809265, -110005.6875 ], [ -23489.177699999883771, -110007.632799999788404 ], [ -23331.962899999693036, -110152.75 ], [ -23331.378899999894202, -110167.929700000211596 ], [ -23329.003899999894202, -110227.4375 ], [ -23329.785199999809265, -110295.968699999153614 ], [ -23330.451200000010431, -110374.445299999788404 ], [ -23331.130900000222027, -110471.359400000423193 ], [ -23396.257799999788404, -110470.906199999153614 ], [ -23488.872999999672174, -110469.179700000211596 ], [ -23493.871100000105798, -110469.9375 ], [ -23583.791000000201166, -110467.8125 ], [ -23588.236299999989569, -110467.109400000423193 ], [ -23596.210900000296533, -110465.851600000634789 ], [ -23672.295219785781228, -110465.573429811251117 ], [ -23677.419860726800835, -110335.142608128298889 ] ] ] ] } },
{ "type": "Feature", "properties": { "ID": 411.0, "用途_1": "商業地域", "高度_1": "15m 第4種高度地区", "容積率": 400, "建ぺい": 80 }, "geometry": { "type": "MultiPolygon", "coordinates": [ [ [ [ -20903.806599999777973, -109752.789100000634789 ], [ -20897.80350000038743, -109752.796099999919534 ], [ -20895.653199999593198, -109821.27170000039041 ], [ -20894.344700000248849, -109879.736300000920892 ], [ -20894.246299999766052, -109881.319299999624491 ], [ -20892.060800000093877, -109902.73340000025928 ], [ -20891.63370000012219, -109905.278100000694394 ], [ -20890.131400000303984, -109911.670399999246001 ], [ -20887.760300000198185, -109930.639299999922514 ], [ -20886.91330000013113, -109959.408600000664592 ], [ -20886.786199999973178, -109962.525200000032783 ], [ -20900.267599999904633, -109962.609400000423193 ], [ -20920.281200000084937, -109962.734400000423193 ], [ -20919.890599999576807, -109990.3125 ], [ -20919.490199999883771, -110017.054700000211596 ], [ -20917.111299999989569, -110122.132799999788404 ], [ -20916.318400000222027, -110184.343699999153614 ], [ -20915.525399999693036, -110245.460899999365211 ], [ -20914.732400000095367, -110338.6875 ], [ -20913.550800000317395, -110392.320299999788404 ], [ -20913.927699999883771, -110403.265599999576807 ], [ -20913.939500000327826, -110419.648399999365211 ], [ -20915.527300000190735, -110442.843699999153614 ], [ -20916.744099999777973, -110450.460899999365211 ], [ -20948.898400000296533, -110450.945299999788404 ], [ -20949.421900000423193, -110353.046900000423193 ], [ -20949.935499999672174, -110278.609400000423193 ], [ -20951.502000000327826, -110176.468699999153614 ], [ -20955.664099999703467, -110042.890599999576807 ], [ -20958.285199999809265, -109936.914100000634789 ], [ -20960.638700000010431, -109918.671900000423193 ], [ -20964.041000000201166, -109873.945299999788404 ], [ -20953.294900000095367, -109847.1875 ], [ -20951.982400000095367, -109839.578099999576807 ], [ -20950.921900000423193, -109795.046900000423193 ], [ -20950.917999999597669, -109754.453099999576807 ], [ -20950.917999999597669, -109753.4375 ], [ -20903.806599999777973, -109752.789100000634789 ] ] ] ] } },
{ "type": "Feature", "properties": { "ID": 412.0, "用途_1": "商業地域", "高度_1": "12m 第4種高度地区", "容積率": 400, "建ぺい": 80 }, "geometry": { "type": "MultiPolygon", "coordinates": [ [ [ [ -20828.910199999809265, -109782.023399999365211 ], [ -20828.460900000296533, -109872.492200000211596 ], [ -20764.691399999894202, -109861.718699999153614 ], [ -20762.298799999989569, -109861.3125 ], [ -20746.294900000095367, -109859.75 ], [ -20744.076100000180304, -109859.527300000190735 ], [ -20743.840499999932945, -109885.834699999541044 ], [ -20743.10219999961555, -109900.100299999117851 ], [ -20743.066800000146031, -109900.095799999311566 ], [ -20743.0625, -109900.179700000211596 ], [ -20746.076200000010431, -109900.5625 ], [ -20765.164099999703467, -109902.984400000423193 ], [ -20828.027300000190735, -109910.953099999576807 ], [ -20827.732400000095367, -109930.0625 ], [ -20827.826200000010431, -109934.593699999153614 ], [ -20827.402300000190735, -109965.695299999788404 ], [ -20827.630900000222027, -110033.445299999788404 ], [ -20766.650399999693036, -110032.679700000211596 ], [ -20745.380900000222027, -110032.414100000634789 ], [ -20738.912100000306964, -110031.668099999427795 ], [ -20737.541699999943376, -110056.600299999117851 ], [ -20732.973299999721348, -110157.490900000557303 ], [ -20728.313099999912083, -110231.850299999117851 ], [ -20728.278199999593198, -110231.853399999439716 ], [ -20728.273400000296533, -110231.929700000211596 ], [ -20547.258899999782443, -110248.175699999555945 ], [ -20551.735000000335276, -110324.9831000007689 ], [ -20573.38150000013411, -110322.748700000345707 ], [ -20574.129499999806285, -110341.412799999117851 ], [ -20593.493900000117719, -110340.664499999955297 ], [ -20592.435499999672174, -110320.804700000211596 ], [ -20592.479899999685585, -110320.814200000837445 ], [ -20592.475200000219047, -110320.725299999117851 ], [ -20699.088299999944866, -110343.570900000631809 ], [ -20701.154299999587238, -110328.976600000634789 ], [ -20701.182000000029802, -110328.981899999082088 ], [ -20701.19400000013411, -110328.897199999541044 ], [ -20721.332700000144541, -110332.779999999329448 ], [ -20745.35219999961555, -110336.209699999541044 ], [ -20749.557300000451505, -110354.834699999541044 ], [ -20753.762400000356138, -110364.44400000013411 ], [ -20766.936200000345707, -110449.412799999117851 ], [ -20766.884200000204146, -110449.412799999117851 ], [ -20766.896499999798834, -110449.492200000211596 ], [ -20786.210900000296533, -110449.078099999576807 ], [ -20788.363300000317395, -110449.148399999365211 ], [ -20822.406200000084937, -110448.843699999153614 ], [ -20883.691399999894202, -110449.75 ], [ -20902.271499999798834, -110450.023399999365211 ], [ -20916.146499999798834, -110450.453099999576807 ], [ -20916.744099999777973, -110450.460899999365211 ], [ -20915.527300000190735, -110442.843699999153614 ], [ -20913.939500000327826, -110419.648399999365211 ], [ -20913.927699999883771, -110403.265599999576807 ], [ -20913.550800000317395, -110392.320299999788404 ], [ -20914.732400000095367, -110338.6875 ], [ -20915.525399999693036, -110245.460899999365211 ], [ -20916.318400000222027, -110184.343699999153614 ], [ -20917.111299999989569, -110122.132799999788404 ], [ -20919.490199999883771, -110017.054700000211596 ], [ -20919.890599999576807, -109990.3125 ], [ -20920.281200000084937, -109962.734400000423193 ], [ -20900.267599999904633, -109962.609400000423193 ], [ -20886.786199999973178, -109962.525200000032783 ], [ -20886.91330000013113, -109959.408600000664592 ], [ -20887.760300000198185, -109930.639299999922514 ], [ -20890.131400000303984, -109911.670399999246001 ], [ -20891.63370000012219, -109905.278100000694394 ], [ -20892.060800000093877, -109902.73340000025928 ], [ -20894.246299999766052, -109881.319299999624491 ], [ -20894.344700000248849, -109879.736300000920892 ], [ -20895.653199999593198, -109821.27170000039041 ], [ -20897.80350000038743, -109752.796099999919534 ], [ -20877.320299999788404, -109752.820299999788404 ], [ -20829.410199999809265, -109752.875 ], [ -20828.910199999809265, -109782.023399999365211 ] ] ] ] } },
{ "type": "Feature", "properties": { "ID": 413.0, "用途_1": "商業地域", "高度_1": "15m 第4種高度地区", "容積率": 700, "建ぺい": 80 }, "geometry": { "type": "MultiPolygon", "coordinates": [ [ [ [ -21249.650399999693036, -111324.945299999788404 ], [ -21248.253899999894202, -111310.468699999153614 ], [ -21244.082000000402331, -111288.5625 ], [ -21233.984400000423193, -111230.5 ], [ -21225.593700000084937, -111178.296900000423193 ], [ -21213.515599999576807, -111179.289100000634789 ], [ -21209.468700000084937, -111153.375 ], [ -21208.359400000423193, -111151.25 ], [ -21206.654299999587238, -111134.804700000211596 ], [ -21203.238300000317395, -111112.656199999153614 ], [ -21198.949199999682605, -111095.976600000634789 ], [ -21197.480499999597669, -111093.085899999365211 ], [ -21182.976599999703467, -111062.320299999788404 ], [ -21179.910199999809265, -111055.8125 ], [ -21178.093700000084937, -111048.546900000423193 ], [ -21175.976599999703467, -111033.820299999788404 ], [ -21170.628899999894202, -111034.226600000634789 ], [ -21153.478500000201166, -110992.960899999365211 ], [ -21144.904299999587238, -110972.382799999788404 ], [ -21124.021499999798834, -110921.039100000634789 ], [ -21113.226599999703467, -110895.3125 ], [ -21076.027300000190735, -110805.164100000634789 ], [ -21075.497999999672174, -110804.273399999365211 ], [ -21054.917999999597669, -110756.335899999365211 ], [ -21047.636699999682605, -110739.054700000211596 ], [ -21042.408200000412762, -110728.296900000423193 ], [ -21024.720700000412762, -110702.953099999576807 ], [ -21010.542999999597669, -110684.25 ], [ -20998.25, -110671.960899999365211 ], [ -20989.468700000084937, -110645.5625 ], [ -20986.253899999894202, -110642.984400000423193 ], [ -20985.494099999777973, -110642.156199999153614 ], [ -20978.880900000222027, -110634.992200000211596 ], [ -20972.253899999894202, -110620.078099999576807 ], [ -20972.880900000222027, -110613.789100000634789 ], [ -20972.183600000105798, -110536.343699999153614 ], [ -20971.429700000211596, -110481.898399999365211 ], [ -20971.443400000222027, -110453.203099999576807 ], [ -20971.169900000095367, -110398.148399999365211 ], [ -20973.535199999809265, -110326.007799999788404 ], [ -20973.544900000095367, -110222.179700000211596 ], [ -20974.726599999703467, -110151.085899999365211 ], [ -20977.685499999672174, -110081.257799999788404 ], [ -20981.828099999576807, -109928.492200000211596 ], [ -20985.919900000095367, -109887.585899999365211 ], [ -20985.335900000296533, -109868.546900000423193 ], [ -20974.798799999989569, -109841.273399999365211 ], [ -20973.597699999809265, -109754.375 ], [ -20970.914099999703467, -109754.75 ], [ -20953.447300000116229, -109754.453099999576807 ], [ -20953.296900000423193, -109754.445299999788404 ], [ -20950.917999999597669, -109754.453099999576807 ], [ -20950.921900000423193, -109795.046900000423193 ], [ -20951.982400000095367, -109839.578099999576807 ], [ -20953.294900000095367, -109847.1875 ], [ -20964.041000000201166, -109873.945299999788404 ], [ -20960.638700000010431, -109918.671900000423193 ], [ -20958.285199999809265, -109936.914100000634789 ], [ -20955.664099999703467, -110042.890599999576807 ], [ -20951.502000000327826, -110176.468699999153614 ], [ -20949.935499999672174, -110278.609400000423193 ], [ -20949.421900000423193, -110353.046900000423193 ], [ -20948.898400000296533, -110450.945299999788404 ], [ -20949.640599999576807, -110480.656199999153614 ], [ -20950.718700000084937, -110523.820299999788404 ], [ -20950.886699999682605, -110533.476600000634789 ], [ -20951.5, -110569.031199999153614 ], [ -20950.712899999693036, -110612.320299999788404 ], [ -20951.314500000327826, -110620.414100000634789 ], [ -20951.720700000412762, -110623.382799999788404 ], [ -20952.622999999672174, -110626.273399999365211 ], [ -20956.023400000296533, -110635.109400000423193 ], [ -20961.685499999672174, -110646.335899999365211 ], [ -20963.820299999788404, -110649.257799999788404 ], [ -20980.492200000211596, -110670.046900000423193 ], [ -20986.783200000412762, -110678.390599999576807 ], [ -20996.058600000105798, -110687.914100000634789 ], [ -21002.523400000296533, -110694.625 ], [ -21013.492200000211596, -110706.843699999153614 ], [ -21015.699199999682605, -110708.726600000634789 ], [ -21024.958999999798834, -110721.242200000211596 ], [ -21027.531200000084937, -110724.843699999153614 ], [ -21030.074199999682605, -110729.421900000423193 ], [ -21032.855499999597669, -110734.226600000634789 ], [ -21038.380900000222027, -110745.578099999576807 ], [ -21041.716799999587238, -110752.914100000634789 ], [ -21064.646499999798834, -110804.070299999788404 ], [ -21068.656200000084937, -110814.367200000211596 ], [ -21077.740199999883771, -110836.070299999788404 ], [ -21109.806599999777973, -110916.382799999788404 ], [ -21111.384800000116229, -110920.078099999576807 ], [ -21156.634800000116229, -111028.328099999576807 ], [ -21162.839800000190735, -111042.632799999788404 ], [ -21181.589800000190735, -111084.132799999788404 ], [ -21186.627000000327826, -111095.210899999365211 ], [ -21189.675800000317395, -111103.601600000634789 ], [ -21190.958999999798834, -111107.703099999576807 ], [ -21191.980499999597669, -111111.539100000634789 ], [ -21192.765599999576807, -111114.9375 ], [ -21193.273400000296533, -111118.742200000211596 ], [ -21200.023400000296533, -111152.890599999576807 ], [ -21201.875, -111164.273399999365211 ], [ -21204.150399999693036, -111178.6875 ], [ -21204.822300000116229, -111181.882799999788404 ], [ -21213.605499999597669, -111233.9375 ], [ -21217.333999999798834, -111257.125 ], [ -21223.531200000084937, -111292.289100000634789 ], [ -21228.917999999597669, -111328.609400000423193 ], [ -21232.933600000105798, -111328.078099999576807 ], [ -21249.650399999693036, -111324.945299999788404 ] ] ] ] } },
{ "type": "Feature", "properties": { "ID": 414.0, "用途_1": "商業地域", "高度_1": "15m 第4種高度地区", "容積率": 400, "建ぺい": 80 }, "geometry": { "type": "MultiPolygon", "coordinates": [ [ [ [ -21844.027300000190735, -109783.6875 ], [ -21843.875, -109783.6875 ], [ -21813.644500000402331, -109784.039100000634789 ], [ -21813.492200000211596, -109784.039100000634789 ], [ -21806.294900000095367, -109784.117200000211596 ], [ -21806.142599999904633, -109784.125 ], [ -21747.244099999777973, -109786.164100000634789 ], [ -21747.091799999587238, -109786.171900000423193 ], [ -21738.130900000222027, -109786.476600000634789 ], [ -21737.980499999597669, -109786.484400000423193 ], [ -21682.392599999904633, -109789.0625 ], [ -21682.240199999883771, -109789.070299999788404 ], [ -21673.240199999883771, -109789.476600000634789 ], [ -21673.087899999693036, -109789.476600000634789 ], [ -21613.621100000105798, -109789.476600000634789 ], [ -21613.470700000412762, -109789.476600000634789 ], [ -21607.023400000296533, -109789.468699999153614 ], [ -21606.871100000105798, -109789.468699999153614 ], [ -21545.542999999597669, -109789.445299999788404 ], [ -21545.392599999904633, -109789.445299999788404 ], [ -21539.183600000105798, -109788.804700000211596 ], [ -21539.033200000412762, -109788.789100000634789 ], [ -21451.447300000116229, -109787.406199999153614 ], [ -21451.294900000095367, -109787.406199999153614 ], [ -21444.955099999904633, -109787.304700000211596 ], [ -21444.804700000211596, -109787.304700000211596 ], [ -21426.693400000222027, -109787.007799999788404 ], [ -21426.541000000201166, -109787.007799999788404 ], [ -21396.752000000327826, -109787.460899999365211 ], [ -21384.412100000306964, -109787.648399999365211 ], [ -21384.259800000116229, -109787.648399999365211 ], [ -21378.189500000327826, -109787.664100000634789 ], [ -21378.037100000306964, -109787.664100000634789 ], [ -21318.247999999672174, -109787.468699999153614 ], [ -21318.097699999809265, -109787.468699999153614 ], [ -21315.691399999894202, -109787.515599999576807 ], [ -21311.414099999703467, -109787.601600000634789 ], [ -21311.263700000010431, -109787.601600000634789 ], [ -21281.767599999904633, -109788.164100000634789 ], [ -21282.261699999682605, -109821.703099999576807 ], [ -21283.820299999788404, -109927.679700000211596 ], [ -21302.566399999894202, -109950.828099999576807 ], [ -21307.380900000222027, -110098.835899999365211 ], [ -21310.349600000306964, -110222.828099999576807 ], [ -21311.650399999693036, -110280.0 ], [ -21312.6875, -110353.8125 ], [ -21313.125, -110388.148399999365211 ], [ -21331.494099999777973, -110387.132799999788404 ], [ -21331.646499999798834, -110387.132799999788404 ], [ -21388.359400000423193, -110387.593699999153614 ], [ -21388.511699999682605, -110387.593699999153614 ], [ -21394.765599999576807, -110387.695299999788404 ], [ -21394.917999999597669, -110387.695299999788404 ], [ -21453.464800000190735, -110388.546900000423193 ], [ -21453.617200000211596, -110388.546900000423193 ], [ -21464.121100000105798, -110388.703099999576807 ], [ -21464.273400000296533, -110388.703099999576807 ], [ -21535.980499999597669, -110388.921900000423193 ], [ -21536.132799999788404, -110388.921900000423193 ], [ -21546.601599999703467, -110388.898399999365211 ], [ -21546.753899999894202, -110388.898399999365211 ], [ -21602.832000000402331, -110388.992200000211596 ], [ -21602.984400000423193, -110388.992200000211596 ], [ -21611.445299999788404, -110389.031199999153614 ], [ -21611.597699999809265, -110389.031199999153614 ], [ -21664.103500000201166, -110389.242200000211596 ], [ -21669.900399999693036, -110390.593699999153614 ], [ -21802.263700000010431, -110391.218699999153614 ], [ -21802.414099999703467, -110391.218699999153614 ], [ -21805.730499999597669, -110391.179700000211596 ], [ -21805.746100000105798, -110358.867200000211596 ], [ -21839.375, -110359.039100000634789 ], [ -21839.525399999693036, -110359.039100000634789 ], [ -21838.634800000116229, -110296.320299999788404 ], [ -21838.404299999587238, -110279.710899999365211 ], [ -21837.779299999587238, -110235.726600000634789 ], [ -21838.712899999693036, -110229.421900000423193 ], [ -21839.527300000190735, -110101.9375 ], [ -21839.585900000296533, -110092.890599999576807 ], [ -21840.439500000327826, -109969.609400000423193 ], [ -21843.568400000222027, -109951.898399999365211 ], [ -21843.806599999777973, -109872.281199999153614 ], [ -21843.9375, -109830.625 ], [ -21843.957000000402331, -109820.882799999788404 ], [ -21843.966799999587238, -109814.085899999365211 ], [ -21844.027300000190735, -109783.6875 ] ] ] ] } },
{ "type": "Feature", "properties": { "ID": 417.0, "用途_1": "近隣商業地域", "高度_1": "15m 第4種高度地区", "容積率": 300, "建ぺい": 80 }, "geometry": { "type": "MultiPolygon", "coordinates": [ [ [ [ -19732.680019931445713, -109868.251880416486529 ], [ -19724.111197009264288, -109911.330262294199201 ], [ -19738.738300000317395, -109912.781199999153614 ], [ -19753.267599999904633, -109914.164100000634789 ], [ -19770.503899999894202, -109916.257799999788404 ], [ -19782.052699999883771, -109917.679700000211596 ], [ -19783.195299999788404, -109920.343699999153614 ], [ -19809.068400000222027, -109921.8125 ], [ -19827.191399999894202, -109926.851600000634789 ], [ -19833.505900000222027, -109926.648399999365211 ], [ -19853.771499999798834, -109926.109400000423193 ], [ -19873.146499999798834, -109925.671900000423193 ], [ -19906.705099999904633, -109925.5 ], [ -19951.878899999894202, -109924.609400000423193 ], [ -19966.804700000211596, -109922.820299999788404 ], [ -20015.765599999576807, -109922.007799999788404 ], [ -20013.502000000327826, -109917.601600000634789 ], [ -20021.554700000211596, -109915.9375 ], [ -20042.923799999989569, -109913.023399999365211 ], [ -20108.056599999777973, -109904.164100000634789 ], [ -20130.646499999798834, -109900.8125 ], [ -20142.900399999693036, -109899.867200000211596 ], [ -20173.050800000317395, -109898.929700000211596 ], [ -20176.146499999798834, -109898.968699999153614 ], [ -20215.085900000296533, -109899.617200000211596 ], [ -20214.765599999576807, -109896.601600000634789 ], [ -20213.779299999587238, -109886.0 ], [ -20209.679700000211596, -109847.1875 ], [ -20207.769500000402331, -109827.156199999153614 ], [ -20179.080099999904633, -109825.75 ], [ -20169.585900000296533, -109824.531199999153614 ], [ -20164.835900000296533, -109825.414100000634789 ], [ -20158.919900000095367, -109826.664100000634789 ], [ -20146.497999999672174, -109827.023399999365211 ], [ -20131.002000000327826, -109828.25 ], [ -20123.349600000306964, -109829.281199999153614 ], [ -20119.685499999672174, -109829.828099999576807 ], [ -20105.265599999576807, -109831.984400000423193 ], [ -20064.810499999672174, -109837.421900000423193 ], [ -20038.279299999587238, -109841.117200000211596 ], [ -20017.068400000222027, -109843.710899999365211 ], [ -20013.468700000084937, -109844.148399999365211 ], [ -20010.238300000317395, -109845.375 ], [ -19991.734400000423193, -109847.664100000634789 ], [ -19974.464800000190735, -109849.851600000634789 ], [ -19944.474600000306964, -109852.0 ], [ -19930.042999999597669, -109852.546900000423193 ], [ -19876.757799999788404, -109853.406199999153614 ], [ -19853.031200000084937, -109852.781199999153614 ], [ -19842.472699999809265, -109851.453099999576807 ], [ -19839.195299999788404, -109851.328099999576807 ], [ -19815.054700000211596, -109848.695299999788404 ], [ -19740.593707257961796, -109840.192061731213471 ], [ -19732.680019931445713, -109868.251880416486529 ] ] ] ] } },
{ "type": "Feature", "properties": { "ID": 418.0, "用途_1": "商業地域", "高度_1": "20m 第4種高度地区", "容積率": 600, "建ぺい": 80 }, "geometry": { "type": "MultiPolygon", "coordinates": [ [ [ [ -20736.135400000028312, -110031.264299999922514 ], [ -20738.879700000397861, -110031.580399999395013 ], [ -20743.0625, -109900.179700000211596 ], [ -20715.599600000306964, -109896.703099999576807 ], [ -20671.055399999953806, -109891.058299999684095 ], [ -20666.971300000324845, -109920.334699999541044 ], [ -20666.939199999906123, -109920.3597999997437 ], [ -20666.931599999777973, -109920.414100000634789 ], [ -20647.515800000168383, -109935.566099999472499 ], [ -20645.78969999961555, -109955.998700000345707 ], [ -20637.008399999700487, -110029.014299999922514 ], [ -20673.971300000324845, -110029.428400000557303 ], [ -20722.99280000012368, -110029.740900000557303 ], [ -20736.135400000028312, -110031.264299999922514 ] ] ] ] } },
{ "type": "Feature", "properties": { "ID": 419.0, "用途_1": "近隣商業地域", "高度_1": "15m 第3種高度地区", "容積率": 300, "建ぺい": 80 }, "geometry": { "type": "MultiPolygon", "coordinates": [ [ [ [ -20226.294900000095367, -110159.125 ], [ -20242.890599999576807, -110188.242200000211596 ], [ -20240.044900000095367, -110159.328099999576807 ], [ -20236.203099999576807, -110120.328099999576807 ], [ -20232.738300000317395, -110085.132799999788404 ], [ -20229.107400000095367, -110032.945299999788404 ], [ -20222.080099999904633, -109965.640599999576807 ], [ -20215.085900000296533, -109899.617200000211596 ], [ -20176.146499999798834, -109898.968699999153614 ], [ -20173.050800000317395, -109898.929700000211596 ], [ -20142.900399999693036, -109899.867200000211596 ], [ -20130.646499999798834, -109900.8125 ], [ -20108.056599999777973, -109904.164100000634789 ], [ -20042.923799999989569, -109913.023399999365211 ], [ -20021.554700000211596, -109915.9375 ], [ -20013.502000000327826, -109917.601600000634789 ], [ -20015.765599999576807, -109922.007799999788404 ], [ -20030.039099999703467, -109945.273399999365211 ], [ -20053.638700000010431, -109973.632799999788404 ], [ -20077.525399999693036, -109997.75 ], [ -20095.044900000095367, -110013.265599999576807 ], [ -20129.529299999587238, -110043.796900000423193 ], [ -20132.281200000084937, -110046.234400000423193 ], [ -20146.357400000095367, -110061.007799999788404 ], [ -20157.869099999777973, -110073.109400000423193 ], [ -20184.634800000116229, -110105.9375 ], [ -20204.384800000116229, -110131.148399999365211 ], [ -20226.294900000095367, -110159.125 ] ] ] ] } },
{ "type": "Feature", "properties": { "ID": 420.0, "用途_1": "商業地域", "高度_1": "12m 第4種高度地区", "容積率": 600, "建ぺい": 80 }, "geometry": { "type": "MultiPolygon", "coordinates": [ [ [ [ -20766.650399999693036, -110032.679700000211596 ], [ -20827.630900000222027, -110033.445299999788404 ], [ -20827.402300000190735, -109965.695299999788404 ], [ -20827.826200000010431, -109934.593699999153614 ], [ -20827.732400000095367, -109930.0625 ], [ -20828.027300000190735, -109910.953099999576807 ], [ -20765.164099999703467, -109902.984400000423193 ], [ -20746.076200000010431, -109900.5625 ], [ -20743.0625, -109900.179700000211596 ], [ -20738.879700000397861, -110031.580399999395013 ], [ -20738.916699999943376, -110031.584699999541044 ], [ -20738.912100000306964, -110031.668099999427795 ], [ -20745.380900000222027, -110032.414100000634789 ], [ -20766.650399999693036, -110032.679700000211596 ] ] ] ] } },
{ "type": "Feature", "properties": { "ID": 421.0, "用途_1": "第二種住居地域", "高度_1": "12m 第2種高度地区", "容積率": 200, "建ぺい": 60 }, "geometry": { "type": "MultiPolygon", "coordinates": [ [ [ [ -20015.765599999576807, -109922.007799999788404 ], [ -19966.804700000211596, -109922.820299999788404 ], [ -19951.878899999894202, -109924.609400000423193 ], [ -19906.705099999904633, -109925.5 ], [ -19873.146499999798834, -109925.671900000423193 ], [ -19853.771499999798834, -109926.109400000423193 ], [ -19853.953099999576807, -109928.109400000423193 ], [ -19855.824199999682605, -109946.617200000211596 ], [ -19856.580099999904633, -109960.218699999153614 ], [ -19826.115199999883771, -109965.289100000634789 ], [ -19779.502000000327826, -109970.328099999576807 ], [ -19780.429700000211596, -109976.789100000634789 ], [ -19782.984400000423193, -109994.554700000211596 ], [ -19806.619099999777973, -109993.789100000634789 ], [ -19829.031200000084937, -109992.921900000423193 ], [ -19830.189500000327826, -110037.820299999788404 ], [ -19830.566399999894202, -110049.781199999153614 ], [ -19830.875, -110056.289100000634789 ], [ -19831.494099999777973, -110066.968699999153614 ], [ -19833.175800000317395, -110095.984400000423193 ], [ -19838.197300000116229, -110125.140599999576807 ], [ -19842.0625, -110139.171900000423193 ], [ -19845.105499999597669, -110149.734400000423193 ], [ -19851.076200000010431, -110161.265599999576807 ], [ -19853.462899999693036, -110164.953099999576807 ], [ -19862.296900000423193, -110175.843699999153614 ], [ -19876.294900000095367, -110193.5625 ], [ -19886.580099999904633, -110206.406199999153614 ], [ -19891.080099999904633, -110220.281199999153614 ], [ -19902.496100000105798, -110218.468699999153614 ], [ -19908.622999999672174, -110217.429700000211596 ], [ -19947.939500000327826, -110211.656199999153614 ], [ -19989.728500000201166, -110205.445299999788404 ], [ -19993.271499999798834, -110204.960899999365211 ], [ -19985.875, -110167.289100000634789 ], [ -19982.134800000116229, -110148.320299999788404 ], [ -19977.570299999788404, -110129.421900000423193 ], [ -19958.496100000105798, -110133.218699999153614 ], [ -19959.222699999809265, -110138.039100000634789 ], [ -19951.263700000010431, -110140.710899999365211 ], [ -19944.294900000095367, -110139.429700000211596 ], [ -19935.904299999587238, -110120.710899999365211 ], [ -19934.763700000010431, -110086.156199999153614 ], [ -20034.851599999703467, -110074.921900000423193 ], [ -20037.740199999883771, -110074.593699999153614 ], [ -20036.556599999777973, -110065.835899999365211 ], [ -20053.130900000222027, -110063.960899999365211 ], [ -20052.252000000327826, -110056.625 ], [ -20054.943400000222027, -110054.359400000423193 ], [ -20068.832000000402331, -110042.679700000211596 ], [ -20068.644500000402331, -110036.593699999153614 ], [ -20095.044900000095367, -110013.265599999576807 ], [ -20077.525399999693036, -109997.75 ], [ -20053.638700000010431, -109973.632799999788404 ], [ -20030.039099999703467, -109945.273399999365211 ], [ -20015.765599999576807, -109922.007799999788404 ] ] ] ] } },
{ "type": "Feature", "properties": { "ID": 422.0, "用途_1": "商業地域", "高度_1": "20m 第4種高度地区", "容積率": 400, "建ぺい": 80 }, "geometry": { "type": "MultiPolygon", "coordinates": [ [ [ [ -23444.650399999693036, -109925.656199999153614 ], [ -23416.382799999788404, -109926.390599999576807 ], [ -23350.917999999597669, -109928.085899999365211 ], [ -23261.244099999777973, -109930.171900000423193 ], [ -23164.886699999682605, -109932.156199999153614 ], [ -23116.398400000296533, -109933.273399999365211 ], [ -23090.726599999703467, -109934.617200000211596 ], [ -22980.146499999798834, -109935.4375 ], [ -22918.011699999682605, -109934.546900000423193 ], [ -22846.060499999672174, -109931.765599999576807 ], [ -22773.974600000306964, -109929.781199999153614 ], [ -22711.804700000211596, -109929.484400000423193 ], [ -22712.597699999809265, -109957.335899999365211 ], [ -22713.798799999989569, -109994.132799999788404 ], [ -22777.603500000201166, -109995.898399999365211 ], [ -22850.296900000423193, -109997.945299999788404 ], [ -22922.744099999777973, -110001.257799999788404 ], [ -23051.830099999904633, -110001.6875 ], [ -23117.462899999693036, -110001.265599999576807 ], [ -23189.208999999798834, -109999.617200000211596 ], [ -23282.277300000190735, -109997.890599999576807 ], [ -23331.570299999788404, -109996.617200000211596 ], [ -23339.068400000222027, -109996.421900000423193 ], [ -23388.031200000084937, -109995.148399999365211 ], [ -23312.429700000211596, -110066.421900000423193 ], [ -23297.093700000084937, -110080.882799999788404 ], [ -23253.896499999798834, -110121.609400000423193 ], [ -23230.482400000095367, -110143.679700000211596 ], [ -23180.814500000327826, -110190.507799999788404 ], [ -23157.214800000190735, -110211.585899999365211 ], [ -23101.953099999576807, -110263.343699999153614 ], [ -22998.1875, -110360.523399999365211 ], [ -22998.339800000190735, -110360.515599999576807 ], [ -23056.355499999597669, -110358.843699999153614 ], [ -23047.582000000402331, -110366.960899999365211 ], [ -23046.476599999703467, -110467.890599999576807 ], [ -23080.730499999597669, -110468.195299999788404 ], [ -23103.138700000010431, -110469.851600000634789 ], [ -23168.189500000327826, -110470.984400000423193 ], [ -23199.060499999672174, -110472.632799999788404 ], [ -23328.345700000412762, -110471.375 ], [ -23331.130900000222027, -110471.359400000423193 ], [ -23330.451200000010431, -110374.445299999788404 ], [ -23329.785199999809265, -110295.968699999153614 ], [ -23329.003899999894202, -110227.4375 ], [ -23331.378899999894202, -110167.929700000211596 ], [ -23331.962899999693036, -110152.75 ], [ -23489.177699999883771, -110007.632799999788404 ], [ -23540.972699999809265, -110005.6875 ], [ -23540.972699999809265, -109998.125 ], [ -23542.802699999883771, -109994.070299999788404 ], [ -23549.015599999576807, -109979.539100000634789 ], [ -23552.744099999777973, -109976.523399999365211 ], [ -23556.275399999693036, -109975.351600000634789 ], [ -23562.683600000105798, -109974.953099999576807 ], [ -23571.013700000010431, -109975.210899999365211 ], [ -23570.363300000317395, -109960.906199999153614 ], [ -23536.093700000084937, -109959.281199999153614 ], [ -23532.462899999693036, -109959.203099999576807 ], [ -23518.083999999798834, -109958.906199999153614 ], [ -23486.423799999989569, -109959.054700000211596 ], [ -23444.429700000211596, -109959.906199999153614 ], [ -23444.650399999693036, -109925.656199999153614 ] ] ] ] } },
{ "type": "Feature", "properties": { "ID": 425.0, "用途_1": "近隣商業地域", "高度_1": "15m 第3種高度地区", "容積率": 300, "建ぺい": 80 }, "geometry": { "type": "MultiPolygon", "coordinates": [ [ [ [ -21299.915707860960538, -112297.662544138220255 ], [ -21300.326200000010431, -112296.070299999788404 ], [ -21303.502000000327826, -112267.101600000634789 ], [ -21307.468700000084937, -112210.351600000634789 ], [ -21309.453099999576807, -112153.210899999365211 ], [ -21310.435499999672174, -112141.593699999153614 ], [ -21290.693400000222027, -112141.296900000423193 ], [ -21288.988300000317395, -112153.164100000634789 ], [ -21287.121100000105798, -112219.156199999153614 ], [ -21284.822300000116229, -112269.726600000634789 ], [ -21281.757799999788404, -112286.585899999365211 ], [ -21280.158625873471465, -112293.732616187582607 ], [ -21299.915707860960538, -112297.662544138220255 ] ] ] ] } },
{ "type": "Feature", "properties": { "ID": 426.0, "用途_1": "近隣商業地域", "高度_1": "20m 第3種高度地区", "容積率": 300, "建ぺい": 80 }, "geometry": { "type": "MultiPolygon", "coordinates": [ [ [ [ -21364.550930646339111, -112310.51928931857401 ], [ -21481.552119368669082, -112324.367292571099824 ], [ -21483.848799999803305, -112308.880400000140071 ], [ -21483.660199999809265, -112269.765599999576807 ], [ -21483.935499999672174, -112265.367200000211596 ], [ -21484.414099999703467, -112243.304700000211596 ], [ -21484.414099999703467, -112226.484400000423193 ], [ -21483.365199999883771, -112200.234400000423193 ], [ -21483.650399999693036, -112196.804700000211596 ], [ -21483.552699999883771, -112176.390599999576807 ], [ -21483.664099999703467, -112153.382799999788404 ], [ -21483.664099999703467, -112148.882799999788404 ], [ -21483.664099999703467, -112144.5 ], [ -21472.951200000010431, -112144.882799999788404 ], [ -21468.664099999703467, -112144.882799999788404 ], [ -21456.478500000201166, -112144.359400000423193 ], [ -21431.451200000010431, -112143.367200000211596 ], [ -21411.796900000423193, -112142.882799999788404 ], [ -21406.166000000201166, -112142.882799999788404 ], [ -21396.675800000317395, -112142.882799999788404 ], [ -21380.752000000327826, -112142.75 ], [ -21365.675800000317395, -112142.632799999788404 ], [ -21346.218700000084937, -112142.125 ], [ -21310.435499999672174, -112141.593699999153614 ], [ -21309.453099999576807, -112153.210899999365211 ], [ -21307.468700000084937, -112210.351600000634789 ], [ -21303.502000000327826, -112267.101600000634789 ], [ -21300.326200000010431, -112296.070299999788404 ], [ -21299.915707860960538, -112297.662544138220255 ], [ -21364.550930646339111, -112310.51928931857401 ] ] ] ] } },
{ "type": "Feature", "properties": { "ID": 547.0, "用途_1": "商業地域", "高度_1": "25m 高度地区", "容積率": 400, "建ぺい": 80 }, "geometry": { "type": "MultiPolygon", "coordinates": [ [ [ [ -23459.432909103536076, -111243.123607607398299 ], [ -23490.895948161418346, -111174.875 ], [ -23405.433600000105798, -111174.875 ], [ -23411.408200000412762, -111276.093699999153614 ], [ -23440.575702618760261, -111276.795572649498354 ], [ -23459.432909103536076, -111243.123607607398299 ] ] ] ] } },
{ "type": "Feature", "properties": { "ID": 551.0, "用途_1": "商業地域", "高度_1": "25m 高度地区", "容積率": 600, "建ぺい": 80 }, "geometry": { "type": "MultiPolygon", "coordinates": [ [ [ [ -23382.700189434985077, -111380.139737560195499 ], [ -23440.575702618760261, -111276.795572649498354 ], [ -23411.408200000412762, -111276.093699999153614 ], [ -23327.572300000116229, -111274.078099999576807 ], [ -23200.0625, -111271.007799999788404 ], [ -23177.199199999682605, -111269.265599999576807 ], [ -23046.322300000116229, -111265.125 ], [ -22932.777300000190735, -111261.539100000634789 ], [ -22904.130900000222027, -111260.632799999788404 ], [ -22887.468700000084937, -111259.507799999788404 ], [ -22856.580099999904633, -111260.109400000423193 ], [ -22821.0, -111260.8125 ], [ -22754.570299999788404, -111262.539100000634789 ], [ -22688.015599999576807, -111265.554700000211596 ], [ -22688.048799999989569, -111278.289100000634789 ], [ -22688.037100000306964, -111295.843699999153614 ], [ -22684.054700000211596, -111346.265599999576807 ], [ -22685.638700000010431, -111376.617200000211596 ], [ -22757.421900000423193, -111372.5 ], [ -22819.152300000190735, -111370.335899999365211 ], [ -22857.5625, -111370.296900000423193 ], [ -22876.042999999597669, -111370.281199999153614 ], [ -22910.902300000190735, -111372.117200000211596 ], [ -22935.127000000327826, -111372.906199999153614 ], [ -23038.144500000402331, -111376.273399999365211 ], [ -23167.226599999703467, -111378.828099999576807 ], [ -23321.962899999693036, -111383.742200000211596 ], [ -23324.875, -111383.8125 ], [ -23379.378334614470077, -111385.111244627318229 ], [ -23382.700189434985077, -111380.139737560195499 ] ] ] ] } },
{ "type": "Feature", "properties": { "ID": 517.0, "用途_1": "商業地域", "高度_1": "15m 第4種高度地区", "容積率": 400, "建ぺい": 80 }, "geometry": { "type": "MultiPolygon", "coordinates": [ [ [ [ -22568.417999999597669, -111206.070299999788404 ], [ -22569.642599999904633, -111174.0625 ], [ -22569.939500000327826, -111096.757799999788404 ], [ -22570.367200000211596, -111037.960899999365211 ], [ -22571.140599999576807, -110995.632799999788404 ], [ -22569.349600000306964, -110926.789100000634789 ], [ -22568.578099999576807, -110868.5 ], [ -22568.833999999798834, -110784.726600000634789 ], [ -22568.460900000296533, -110709.578099999576807 ], [ -22567.386699999682605, -110672.9375 ], [ -22566.810499999672174, -110653.320299999788404 ], [ -22566.234400000423193, -110633.703099999576807 ], [ -22565.394500000402331, -110602.1875 ], [ -22565.240199999883771, -110602.195299999788404 ], [ -22562.377000000327826, -110602.351600000634789 ], [ -22562.224600000306964, -110602.359400000423193 ], [ -22493.349600000306964, -110604.648399999365211 ], [ -22488.392599999904633, -110603.421900000423193 ], [ -22354.113300000317395, -110603.882799999788404 ], [ -22353.960900000296533, -110603.882799999788404 ], [ -22340.914099999703467, -110603.367200000211596 ], [ -22340.761699999682605, -110603.359400000423193 ], [ -22311.103500000201166, -110603.664100000634789 ], [ -22303.791000000201166, -110603.742200000211596 ], [ -22303.638700000010431, -110603.742200000211596 ], [ -22293.617200000211596, -110603.851600000634789 ], [ -22293.464800000190735, -110603.851600000634789 ], [ -22260.841799999587238, -110604.171900000423193 ], [ -22260.689500000327826, -110604.171900000423193 ], [ -22210.939500000327826, -110602.992200000211596 ], [ -22210.787100000306964, -110602.992200000211596 ], [ -22128.523400000296533, -110602.234400000423193 ], [ -22128.371100000105798, -110602.234400000423193 ], [ -22075.111299999989569, -110602.242200000211596 ], [ -22075.171900000423193, -110631.671900000423193 ], [ -22044.353500000201166, -110631.718699999153614 ], [ -22044.402300000190735, -110653.429700000211596 ], [ -22044.908200000412762, -110764.148399999365211 ], [ -22045.398400000296533, -110770.046900000423193 ], [ -22045.210900000296533, -110859.164100000634789 ], [ -22016.585900000296533, -110858.984400000423193 ], [ -22016.115199999883771, -110894.632799999788404 ], [ -22015.697300000116229, -110929.804700000211596 ], [ -22015.593700000084937, -110933.203099999576807 ], [ -22010.337899999693036, -110995.679700000211596 ], [ -22009.548799999989569, -111001.632799999788404 ], [ -22010.052699999883771, -111033.382799999788404 ], [ -22008.677699999883771, -111039.906199999153614 ], [ -22011.714800000190735, -111170.429700000211596 ], [ -22012.552699999883771, -111174.218699999153614 ], [ -22012.478500000201166, -111204.273399999365211 ], [ -22015.611299999989569, -111204.093699999153614 ], [ -22015.763700000010431, -111204.085899999365211 ], [ -22073.701200000010431, -111203.601600000634789 ], [ -22073.853500000201166, -111203.609400000423193 ], [ -22080.074199999682605, -111203.835899999365211 ], [ -22080.226599999703467, -111203.835899999365211 ], [ -22110.652300000190735, -111203.843699999153614 ], [ -22110.804700000211596, -111203.843699999153614 ], [ -22123.425800000317395, -111203.843699999153614 ], [ -22123.576200000010431, -111203.843699999153614 ], [ -22140.173799999989569, -111204.367200000211596 ], [ -22140.326200000010431, -111204.375 ], [ -22144.107400000095367, -111204.125 ], [ -22144.257799999788404, -111204.117200000211596 ], [ -22206.357400000095367, -111205.328099999576807 ], [ -22206.509800000116229, -111205.328099999576807 ], [ -22211.572300000116229, -111205.578099999576807 ], [ -22211.724600000306964, -111205.578099999576807 ], [ -22233.519500000402331, -111205.703099999576807 ], [ -22260.494099999777973, -111205.843699999153614 ], [ -22260.646499999798834, -111205.843699999153614 ], [ -22272.291000000201166, -111205.898399999365211 ], [ -22272.443400000222027, -111205.898399999365211 ], [ -22277.400399999693036, -111205.898399999365211 ], [ -22277.550800000317395, -111205.898399999365211 ], [ -22341.796900000423193, -111205.773399999365211 ], [ -22341.947300000116229, -111205.773399999365211 ], [ -22352.863300000317395, -111205.539100000634789 ], [ -22353.015599999576807, -111205.539100000634789 ], [ -22417.351599999703467, -111205.859400000423193 ], [ -22417.503899999894202, -111205.859400000423193 ], [ -22422.292999999597669, -111205.890599999576807 ], [ -22422.445299999788404, -111205.890599999576807 ], [ -22480.160199999809265, -111206.171900000423193 ], [ -22480.3125, -111206.164100000634789 ], [ -22484.730499999597669, -111205.984400000423193 ], [ -22485.708999999798834, -111205.945299999788404 ], [ -22485.861299999989569, -111205.9375 ], [ -22568.267599999904633, -111206.070299999788404 ], [ -22568.417999999597669, -111206.070299999788404 ] ] ] ] } },
{ "type": "Feature", "properties": { "ID": 518.0, "用途_1": "商業地域", "高度_1": "12m 第4種高度地区", "容積率": 400, "建ぺい": 80 }, "geometry": { "type": "MultiPolygon", "coordinates": [ [ [ [ -20260.673799999989569, -110609.945299999788404 ], [ -20240.685499999672174, -110610.265599999576807 ], [ -20217.951200000010431, -110610.218699999153614 ], [ -20217.523400000296533, -110632.906199999153614 ], [ -20217.138700000010431, -110653.375 ], [ -20213.747999999672174, -110693.554700000211596 ], [ -20188.119099999777973, -110695.976600000634789 ], [ -20183.826200000010431, -110696.804700000211596 ], [ -20165.539099999703467, -110699.101600000634789 ], [ -20151.326200000010431, -110702.054700000211596 ], [ -20133.804700000211596, -110704.554700000211596 ], [ -20127.466799999587238, -110705.710899999365211 ], [ -20122.964800000190735, -110706.257799999788404 ], [ -20115.386699999682605, -110706.992200000211596 ], [ -20110.779299999587238, -110706.992200000211596 ], [ -20111.433600000105798, -110732.515599999576807 ], [ -20110.662100000306964, -110754.414100000634789 ], [ -20113.386699999682605, -110810.140599999576807 ], [ -20115.863300000317395, -110837.367200000211596 ], [ -20118.865199999883771, -110879.656199999153614 ], [ -20122.349600000306964, -110919.453099999576807 ], [ -20122.158200000412762, -110922.796900000423193 ], [ -20122.916000000201166, -110936.968699999153614 ], [ -20124.375, -110973.421900000423193 ], [ -20125.431599999777973, -110999.796900000423193 ], [ -20136.179700000211596, -111000.718699999153614 ], [ -20189.798799999989569, -110999.695299999788404 ], [ -20191.253899999894202, -111025.164100000634789 ], [ -20192.369099999777973, -111036.617200000211596 ], [ -20214.980499999597669, -111034.976600000634789 ], [ -20231.359400000423193, -111033.789100000634789 ], [ -20260.693400000222027, -111031.171900000423193 ], [ -20264.255900000222027, -111030.843699999153614 ], [ -20279.582000000402331, -111029.007799999788404 ], [ -20283.921900000423193, -111029.296900000423193 ], [ -20287.017599999904633, -111028.828099999576807 ], [ -20290.925800000317395, -111028.563300000503659 ], [ -20290.924100000411272, -111028.551899999380112 ], [ -20295.185600000433624, -111028.198699999600649 ], [ -20291.780299999751151, -111004.353900000452995 ], [ -20288.283599999733269, -110981.138199999928474 ], [ -20273.789900000207126, -110886.678999999538064 ], [ -20273.674499999731779, -110885.850199999287724 ], [ -20273.488300000317395, -110884.360700000077486 ], [ -20269.584999999962747, -110859.964999999850988 ], [ -20269.350999999791384, -110858.561000000685453 ], [ -20269.280199999921024, -110858.115900000557303 ], [ -20264.780199999921024, -110828.365900000557303 ], [ -20264.527300000190735, -110826.129000000655651 ], [ -20264.442800000309944, -110823.879499999806285 ], [ -20264.442800000309944, -110817.129499999806285 ], [ -20264.550300000235438, -110814.592800000682473 ], [ -20276.050300000235438, -110679.092800000682473 ], [ -20276.341000000014901, -110676.757999999448657 ], [ -20276.813900000415742, -110674.453299999237061 ], [ -20277.465900000184774, -110672.192700000479817 ], [ -20278.292999999597669, -110669.990199999883771 ], [ -20279.175599999725819, -110667.893899999558926 ], [ -20287.381799999624491, -110644.177799999713898 ], [ -20287.992200000211596, -110642.134400000795722 ], [ -20288.545099999755621, -110636.265900000929832 ], [ -20288.669999999925494, -110635.160299999639392 ], [ -20291.21999999973923, -110615.810300000011921 ], [ -20291.644500000402331, -110613.371099999174476 ], [ -20292.268699999898672, -110610.975199999287724 ], [ -20292.564899999648333, -110610.130799999460578 ], [ -20260.673799999989569, -110609.945299999788404 ] ] ] ] } },
{ "type": "Feature", "properties": { "ID": 520.0, "用途_1": "近隣商業地域", "高度_1": "15m 第3種高度地区", "容積率": 300, "建ぺい": 80 }, "geometry": { "type": "MultiPolygon", "coordinates": [ [ [ [ -22872.070299999788404, -110638.0625 ], [ -22852.849600000306964, -110637.765599999576807 ], [ -22852.699199999682605, -110637.765599999576807 ], [ -22775.089800000190735, -110636.343699999153614 ], [ -22774.9375, -110636.343699999153614 ], [ -22708.949199999682605, -110635.710899999365211 ], [ -22707.431599999777973, -110653.328099999576807 ], [ -22706.968700000084937, -110670.945299999788404 ], [ -22706.839800000190735, -110699.890599999576807 ], [ -22706.355499999597669, -110756.382799999788404 ], [ -22707.127000000327826, -110770.367200000211596 ], [ -22706.683600000105798, -110804.179700000211596 ], [ -22704.164099999703467, -110877.414100000634789 ], [ -22702.781200000084937, -110908.421900000423193 ], [ -22701.636699999682605, -110935.781199999153614 ], [ -22700.171900000423193, -110988.875 ], [ -22699.525399999693036, -111011.085899999365211 ], [ -22768.304700000211596, -111012.453099999576807 ], [ -22856.681599999777973, -111014.492200000211596 ], [ -22859.146499999798834, -110898.445299999788404 ], [ -22860.197300000116229, -110888.4375 ], [ -22865.384800000116229, -110772.742200000211596 ], [ -22865.634800000116229, -110767.6875 ], [ -22871.3125, -110653.320299999788404 ], [ -22872.070299999788404, -110638.0625 ] ] ] ] } },
{ "type": "Feature", "properties": { "ID": 521.0, "用途_1": "商業地域", "高度_1": "20m 第4種高度地区", "容積率": 400, "建ぺい": 80 }, "geometry": { "type": "MultiPolygon", "coordinates": [ [ [ [ -22949.179700000211596, -110638.367200000211596 ], [ -22910.548799999989569, -110638.648399999365211 ], [ -22910.396499999798834, -110638.648399999365211 ], [ -22872.222699999809265, -110638.0625 ], [ -22872.070299999788404, -110638.0625 ], [ -22871.3125, -110653.320299999788404 ], [ -22865.634800000116229, -110767.6875 ], [ -22865.384800000116229, -110772.742200000211596 ], [ -22860.197300000116229, -110888.4375 ], [ -22859.146499999798834, -110898.445299999788404 ], [ -22856.681599999777973, -111014.492200000211596 ], [ -22768.304700000211596, -111012.453099999576807 ], [ -22699.525399999693036, -111011.085899999365211 ], [ -22698.576200000010431, -111043.640599999576807 ], [ -22764.804700000211596, -111044.8125 ], [ -22763.408200000412762, -111077.789100000634789 ], [ -22855.550800000317395, -111079.906199999153614 ], [ -22856.580099999904633, -111260.109400000423193 ], [ -22887.468700000084937, -111259.507799999788404 ], [ -22904.130900000222027, -111260.632799999788404 ], [ -22932.777300000190735, -111261.539100000634789 ], [ -22933.806599999777973, -111041.710899999365211 ], [ -22936.060499999672174, -110903.554700000211596 ], [ -22936.275399999693036, -110892.554700000211596 ], [ -22941.820299999788404, -110769.625 ], [ -22948.339800000190735, -110653.320299999788404 ], [ -22949.179700000211596, -110638.367200000211596 ] ] ] ] } },
{ "type": "Feature", "properties": { "ID": 525.0, "用途_1": "近隣商業地域", "高度_1": "12m 第3種高度地区", "容積率": 300, "建ぺい": 80 }, "geometry": { "type": "MultiPolygon", "coordinates": [ [ [ [ -20531.677699999883771, -110851.882799999788404 ], [ -20536.022300000302494, -110875.858500000089407 ], [ -20536.074900000356138, -110875.850299999117851 ], [ -20541.420599999837577, -110905.3581000007689 ], [ -20541.36849999986589, -110905.368899999186397 ], [ -20541.380900000222027, -110905.4375 ], [ -20543.976599999703467, -110919.765599999576807 ], [ -20517.931599999777973, -110925.210899999365211 ], [ -20525.638700000010431, -110965.5625 ], [ -20438.974600000306964, -110981.890599999576807 ], [ -20409.447300000116229, -110992.734400000423193 ], [ -20377.560499999672174, -111004.593699999153614 ], [ -20373.968700000084937, -111005.851600000634789 ], [ -20368.860999999567866, -111006.656099999323487 ], [ -20376.38150000013411, -111056.459699999541044 ], [ -20379.824900000356138, -111056.209699999541044 ], [ -20468.981100000441074, -111049.787799999117851 ], [ -20468.986999999731779, -111049.863600000739098 ], [ -20532.871100000105798, -111044.843699999153614 ], [ -20601.261699999682605, -111039.789100000634789 ], [ -20639.730499999597669, -111037.070299999788404 ], [ -20722.884800000116229, -111025.804700000211596 ], [ -20765.002000000327826, -111017.164100000634789 ], [ -20764.683600000105798, -111013.093699999153614 ], [ -20758.697300000116229, -110969.117200000211596 ], [ -20756.496100000105798, -110950.0625 ], [ -20755.531200000084937, -110945.242200000211596 ], [ -20753.455099999904633, -110933.656199999153614 ], [ -20750.964800000190735, -110919.765599999576807 ], [ -20731.318400000222027, -110823.523399999365211 ], [ -20725.119099999777973, -110794.335899999365211 ], [ -20729.601599999703467, -110793.593699999153614 ], [ -20719.931599999777973, -110739.593699999153614 ], [ -20717.734400000423193, -110726.218699999153614 ], [ -20677.093700000084937, -110734.117200000211596 ], [ -20647.855499999597669, -110739.804700000211596 ], [ -20628.945299999788404, -110743.75 ], [ -20569.900399999693036, -110752.171900000423193 ], [ -20570.355499999597669, -110754.945299999788404 ], [ -20581.089800000190735, -110820.484400000423193 ], [ -20585.982400000095367, -110850.351600000634789 ], [ -20531.677699999883771, -110851.882799999788404 ] ] ] ] } },
{ "type": "Feature", "properties": { "ID": 532.0, "用途_1": "商業地域", "高度_1": "12m 第4種高度地区", "容積率": 400, "建ぺい": 80 }, "geometry": { "type": "MultiPolygon", "coordinates": [ [ [ [ -20418.1875, -110986.375 ], [ -20409.447300000116229, -110992.734400000423193 ], [ -20438.974600000306964, -110981.890599999576807 ], [ -20525.638700000010431, -110965.5625 ], [ -20517.931599999777973, -110925.210899999365211 ], [ -20543.976599999703467, -110919.765599999576807 ], [ -20541.380900000222027, -110905.4375 ], [ -20509.754800000227988, -110911.966299999505281 ], [ -20515.88150000013411, -110954.209699999541044 ], [ -20515.832100000232458, -110954.221899999305606 ], [ -20515.841799999587238, -110954.289100000634789 ], [ -20450.271499999798834, -110970.445299999788404 ], [ -20437.351599999703467, -110976.257799999788404 ], [ -20418.1875, -110986.375 ] ] ] ] } },
{ "type": "Feature", "properties": { "ID": 538.0, "用途_1": "近隣商業地域", "高度_1": "15m 第3種高度地区", "容積率": 300, "建ぺい": 80 }, "geometry": { "type": "MultiPolygon", "coordinates": [ [ [ [ -20448.919900000095367, -111304.921900000423193 ], [ -20446.130900000222027, -111309.257799999788404 ], [ -20419.450100000016391, -111309.257799999788404 ], [ -20427.525999999605119, -111355.350299999117851 ], [ -20429.010400000028312, -111363.50650000013411 ], [ -20430.666699999943376, -111373.029999999329448 ], [ -20436.496700000017881, -111403.662799999117851 ], [ -20440.826799999922514, -111425.06900000013411 ], [ -20442.217400000430644, -111431.772199999541044 ], [ -20455.342400000430644, -111501.772199999541044 ], [ -20455.292100000195205, -111501.794800000265241 ], [ -20455.302699999883771, -111501.851600000634789 ], [ -20510.710900000296533, -111487.578099999576807 ], [ -20513.466799999587238, -111486.828099999576807 ], [ -20581.193400000222027, -111469.406199999153614 ], [ -20584.656200000084937, -111468.179700000211596 ], [ -20654.125, -111446.195299999788404 ], [ -20667.107400000095367, -111442.039100000634789 ], [ -20698.080099999904633, -111432.468699999153614 ], [ -20701.257799999788404, -111430.734400000423193 ], [ -20720.558600000105798, -111424.718699999153614 ], [ -20737.583999999798834, -111419.484400000423193 ], [ -20756.759800000116229, -111414.625 ], [ -20764.292999999597669, -111412.546900000423193 ], [ -20775.781200000084937, -111409.875 ], [ -20792.365199999883771, -111406.1875 ], [ -20796.615199999883771, -111405.453099999576807 ], [ -20795.035199999809265, -111386.843699999153614 ], [ -20792.277300000190735, -111352.523399999365211 ], [ -20792.033200000412762, -111343.835899999365211 ], [ -20788.765599999576807, -111304.125 ], [ -20786.572300000116229, -111271.960899999365211 ], [ -20784.216799999587238, -111255.0 ], [ -20783.330099999904633, -111240.359400000423193 ], [ -20775.738300000317395, -111156.921900000423193 ], [ -20775.281200000084937, -111146.765599999576807 ], [ -20774.939500000327826, -111133.117200000211596 ], [ -20774.638700000010431, -111128.968699999153614 ], [ -20772.476599999703467, -111092.539100000634789 ], [ -20768.931599999777973, -111068.679700000211596 ], [ -20768.931599999777973, -111045.945299999788404 ], [ -20768.677699999883771, -111043.539100000634789 ], [ -20765.128899999894202, -111018.789100000634789 ], [ -20765.002000000327826, -111017.164100000634789 ], [ -20722.884800000116229, -111025.804700000211596 ], [ -20639.730499999597669, -111037.070299999788404 ], [ -20601.261699999682605, -111039.789100000634789 ], [ -20532.871100000105798, -111044.843699999153614 ], [ -20468.986999999731779, -111049.863600000739098 ], [ -20470.863900000229478, -111073.834699999541044 ], [ -20473.543600000441074, -111109.873700000345707 ], [ -20474.85219999961555, -111136.303400000557303 ], [ -20475.479199999943376, -111153.287799999117851 ], [ -20475.629499999806285, -111177.326799999922514 ], [ -20492.82880000025034, -111177.889299999922514 ], [ -20498.488900000229478, -111302.365900000557303 ], [ -20498.445700000040233, -111302.368100000545382 ], [ -20498.449199999682605, -111302.445299999788404 ], [ -20448.919900000095367, -111304.921900000423193 ] ] ] ] } },
{ "type": "Feature", "properties": { "ID": 539.0, "用途_1": "商業地域", "高度_1": "15m 第4種高度地区", "容積率": 400, "建ぺい": 80 }, "geometry": { "type": "MultiPolygon", "coordinates": [ [ [ [ -21083.912100000306964, -111354.382799999788404 ], [ -20998.107400000095367, -111122.531199999153614 ], [ -20993.597699999809265, -111124.375 ], [ -20995.675800000317395, -111130.109400000423193 ], [ -20974.304700000211596, -111137.796900000423193 ], [ -20979.789099999703467, -111159.843699999153614 ], [ -20960.359400000423193, -111163.851600000634789 ], [ -20950.515599999576807, -111123.546900000423193 ], [ -20936.177699999883771, -111127.367200000211596 ], [ -20932.927699999883771, -111110.117200000211596 ], [ -20930.314500000327826, -111075.445299999788404 ], [ -20928.896499999798834, -111053.507799999788404 ], [ -20922.089800000190735, -111030.984400000423193 ], [ -20887.470700000412762, -111037.835899999365211 ], [ -20885.111299999989569, -111028.578099999576807 ], [ -20806.736299999989569, -111042.703099999576807 ], [ -20798.607400000095367, -111039.242200000211596 ], [ -20768.677699999883771, -111043.539100000634789 ], [ -20768.931599999777973, -111045.945299999788404 ], [ -20768.931599999777973, -111068.679700000211596 ], [ -20772.476599999703467, -111092.539100000634789 ], [ -20774.638700000010431, -111128.968699999153614 ], [ -20774.939500000327826, -111133.117200000211596 ], [ -20775.281200000084937, -111146.765599999576807 ], [ -20775.738300000317395, -111156.921900000423193 ], [ -20783.330099999904633, -111240.359400000423193 ], [ -20784.216799999587238, -111255.0 ], [ -20786.572300000116229, -111271.960899999365211 ], [ -20788.765599999576807, -111304.125 ], [ -20792.033200000412762, -111343.835899999365211 ], [ -20792.277300000190735, -111352.523399999365211 ], [ -20795.035199999809265, -111386.843699999153614 ], [ -20796.615199999883771, -111405.453099999576807 ], [ -20824.810499999672174, -111400.5625 ], [ -20829.035199999809265, -111399.742200000211596 ], [ -20834.023400000296533, -111398.781199999153614 ], [ -20883.771499999798834, -111390.531199999153614 ], [ -20887.542999999597669, -111389.609400000423193 ], [ -20922.583999999798834, -111383.226600000634789 ], [ -20965.310499999672174, -111375.5625 ], [ -20972.996100000105798, -111374.281199999153614 ], [ -20977.421900000423193, -111373.335899999365211 ], [ -21029.421900000423193, -111364.085899999365211 ], [ -21033.134800000116229, -111363.343699999153614 ], [ -21077.390599999576807, -111355.679700000211596 ], [ -21083.912100000306964, -111354.382799999788404 ] ] ] ] } },
{ "type": "Feature", "properties": { "ID": 542.0, "用途_1": "近隣商業地域", "高度_1": "20m 第3種高度地区", "容積率": 300, "建ぺい": 80 }, "geometry": { "type": "MultiPolygon", "coordinates": [ [ [ [ -22763.408200000412762, -111077.789100000634789 ], [ -22763.384800000116229, -111081.929700000211596 ], [ -22759.802699999883771, -111110.820299999788404 ], [ -22758.996100000105798, -111132.875 ], [ -22687.292999999597669, -111132.632799999788404 ], [ -22687.622999999672174, -111176.593699999153614 ], [ -22687.953099999576807, -111240.757799999788404 ], [ -22688.015599999576807, -111265.554700000211596 ], [ -22754.570299999788404, -111262.539100000634789 ], [ -22821.0, -111260.8125 ], [ -22856.580099999904633, -111260.109400000423193 ], [ -22855.550800000317395, -111079.906199999153614 ], [ -22763.408200000412762, -111077.789100000634789 ] ] ] ] } },
{ "type": "Feature", "properties": { "ID": 584.0, "用途_1": "第二種住居地域", "高度_1": "15m 第2種高度地区", "容積率": 200, "建ぺい": 60 }, "geometry": { "type": "MultiPolygon", "coordinates": [ [ [ [ -20632.422731294904224, -112040.422936836490408 ], [ -20716.975469581913785, -112087.774745462374995 ], [ -20733.3125, -112086.906199999153614 ], [ -20733.060499999672174, -112087.921900000423193 ], [ -20732.810499999672174, -112088.9375 ], [ -20778.859400000423193, -112085.9375 ], [ -20879.769500000402331, -112079.765599999576807 ], [ -20889.564500000327826, -112079.171900000423193 ], [ -20889.318400000222027, -112074.742200000211596 ], [ -20918.558600000105798, -112073.117200000211596 ], [ -20922.125, -112072.914100000634789 ], [ -20937.152300000190735, -112072.179700000211596 ], [ -20964.099600000306964, -112070.203099999576807 ], [ -20968.593700000084937, -112070.679700000211596 ], [ -21008.546900000423193, -112068.140599999576807 ], [ -21008.679700000211596, -112059.929700000211596 ], [ -21008.679700000211596, -112041.132799999788404 ], [ -21008.556599999777973, -112032.875 ], [ -21007.681599999777973, -111993.796900000423193 ], [ -21006.927699999883771, -111939.554700000211596 ], [ -21006.927699999883771, -111928.976600000634789 ], [ -21004.708999999798834, -111882.617200000211596 ], [ -21003.298799999989569, -111855.257799999788404 ], [ -21002.210900000296533, -111834.164100000634789 ], [ -20999.476599999703467, -111811.945299999788404 ], [ -20998.113300000317395, -111790.210899999365211 ], [ -20995.990199999883771, -111756.398399999365211 ], [ -20994.752000000327826, -111740.789100000634789 ], [ -20991.755900000222027, -111700.335899999365211 ], [ -20990.244099999777973, -111682.195299999788404 ], [ -20989.966799999587238, -111677.781199999153614 ], [ -20989.730499999597669, -111673.039100000634789 ], [ -20988.263700000010431, -111655.453099999576807 ], [ -20980.013700000010431, -111556.195299999788404 ], [ -20980.078099999576807, -111552.367200000211596 ], [ -20975.496100000105798, -111506.414100000634789 ], [ -20973.798799999989569, -111485.523399999365211 ], [ -20968.958999999798834, -111486.406199999153614 ], [ -20937.339800000190735, -111491.929700000211596 ], [ -20934.4375, -111492.453099999576807 ], [ -20903.4375, -111497.703099999576807 ], [ -20900.386699999682605, -111498.375 ], [ -20843.638700000010431, -111508.875 ], [ -20838.146499999798834, -111509.875 ], [ -20802.392599999904633, -111516.445299999788404 ], [ -20787.220700000412762, -111520.351600000634789 ], [ -20768.773400000296533, -111525.515599999576807 ], [ -20740.291000000201166, -111533.625 ], [ -20651.185499999672174, -111561.539100000634789 ], [ -20629.650399999693036, -111568.015599999576807 ], [ -20595.613300000317395, -111578.945299999788404 ], [ -20590.556599999777973, -111580.398399999365211 ], [ -20550.681599999777973, -111590.867200000211596 ], [ -20527.247999999672174, -111597.234400000423193 ], [ -20513.828099999576807, -111600.3125 ], [ -20523.683600000105798, -111616.203099999576807 ], [ -20526.304700000211596, -111619.320299999788404 ], [ -20538.605499999597669, -111640.476600000634789 ], [ -20584.3125, -111715.781199999153614 ], [ -20586.095700000412762, -111746.0625 ], [ -20591.082000000402331, -111799.5625 ], [ -20591.537100000306964, -111806.875 ], [ -20596.287100000306964, -111849.625 ], [ -20595.986299999989569, -111852.945299999788404 ], [ -20599.236299999989569, -111878.195299999788404 ], [ -20599.791000000201166, -111882.648399999365211 ], [ -20605.984400000423193, -111931.0625 ], [ -20613.076200000010431, -111992.757799999788404 ], [ -20616.321485823464172, -112029.664428568576113 ], [ -20632.422731294904224, -112040.422936836490408 ] ] ] ] } },
{ "type": "Feature", "properties": { "ID": 585.0, "用途_1": "近隣商業地域", "高度_1": "15m 第3種高度地区", "容積率": 300, "建ぺい": 80 }, "geometry": { "type": "MultiPolygon", "coordinates": [ [ [ [ -22722.416990158697445, -112040.422936836490408 ], [ -22852.990365311747155, -111953.176596878198325 ], [ -22893.16922811952827, -111921.502135426620953 ], [ -22893.205099999904633, -111918.953099999576807 ], [ -22894.492200000211596, -111821.468699999153614 ], [ -22895.583999999798834, -111742.398399999365211 ], [ -22896.277300000190735, -111697.671900000423193 ], [ -22857.058600000105798, -111697.351600000634789 ], [ -22858.863300000317395, -111621.375 ], [ -22858.894500000402331, -111603.734400000423193 ], [ -22859.019500000402331, -111534.242200000211596 ], [ -22859.025399999693036, -111514.460899999365211 ], [ -22754.648400000296533, -111512.109400000423193 ], [ -22754.470700000412762, -111499.578099999576807 ], [ -22725.634800000116229, -111499.382799999788404 ], [ -22725.716799999587238, -111494.671900000423193 ], [ -22648.400399999693036, -111495.664100000634789 ], [ -22648.089800000190735, -111498.976600000634789 ], [ -22647.683600000105798, -111532.835899999365211 ], [ -22647.037100000306964, -111586.929700000211596 ], [ -22647.107400000095367, -111620.093699999153614 ], [ -22647.289099999703467, -111647.781199999153614 ], [ -22641.912100000306964, -111672.898399999365211 ], [ -22640.703099999576807, -111678.492200000211596 ], [ -22629.546900000423193, -111695.914100000634789 ], [ -22555.037100000306964, -111696.273399999365211 ], [ -22553.423799999989569, -111699.007799999788404 ], [ -22550.259800000116229, -111707.765599999576807 ], [ -22548.191399999894202, -111717.5 ], [ -22547.953099999576807, -111746.046900000423193 ], [ -22547.460900000296533, -111789.593699999153614 ], [ -22546.978500000201166, -111802.101600000634789 ], [ -22546.863300000317395, -111840.515599999576807 ], [ -22545.281200000084937, -111870.648399999365211 ], [ -22544.552699999883771, -111925.6875 ], [ -22544.068400000222027, -111969.710899999365211 ], [ -22543.587899999693036, -112036.570299999788404 ], [ -22542.882799999788404, -112062.265599999576807 ], [ -22616.431599999777973, -112064.4375 ], [ -22673.645072993091162, -112067.736522827093722 ], [ -22722.416990158697445, -112040.422936836490408 ] ] ] ] } },
{ "type": "Feature", "properties": { "ID": 586.0, "用途_1": "商業地域", "高度_1": "15m 第4種高度地区", "容積率": 600, "建ぺい": 80 }, "geometry": { "type": "MultiPolygon", "coordinates": [ [ [ [ -22585.400860205892968, -112117.155656505041406 ], [ -22603.917413018571096, -112106.785888677753974 ], [ -22541.683600000105798, -112105.9375 ], [ -22542.882799999788404, -112062.265599999576807 ], [ -22543.587899999693036, -112036.570299999788404 ], [ -22544.068400000222027, -111969.710899999365211 ], [ -22544.552699999883771, -111925.6875 ], [ -22545.281200000084937, -111870.648399999365211 ], [ -22546.863300000317395, -111840.515599999576807 ], [ -22546.978500000201166, -111802.101600000634789 ], [ -22547.460900000296533, -111789.593699999153614 ], [ -22547.953099999576807, -111746.046900000423193 ], [ -22548.191399999894202, -111717.5 ], [ -22550.259800000116229, -111707.765599999576807 ], [ -22553.423799999989569, -111699.007799999788404 ], [ -22555.037100000306964, -111696.273399999365211 ], [ -22629.546900000423193, -111695.914100000634789 ], [ -22640.703099999576807, -111678.492200000211596 ], [ -22641.912100000306964, -111672.898399999365211 ], [ -22647.289099999703467, -111647.781199999153614 ], [ -22647.107400000095367, -111620.093699999153614 ], [ -22647.037100000306964, -111586.929700000211596 ], [ -22647.683600000105798, -111532.835899999365211 ], [ -22648.089800000190735, -111498.976600000634789 ], [ -22648.400399999693036, -111495.664100000634789 ], [ -22635.830099999904633, -111495.828099999576807 ], [ -22635.955099999904633, -111505.414100000634789 ], [ -22617.933600000105798, -111505.460899999365211 ], [ -22617.582000000402331, -111538.554700000211596 ], [ -22535.916000000201166, -111538.335899999365211 ], [ -22536.074199999682605, -111554.718699999153614 ], [ -22535.902300000190735, -111562.671900000423193 ], [ -22535.636699999682605, -111623.875 ], [ -22509.683600000105798, -111624.109400000423193 ], [ -22498.205099999904633, -111624.210899999365211 ], [ -22498.078099999576807, -111632.953099999576807 ], [ -22496.740199999883771, -111726.507799999788404 ], [ -22494.972699999809265, -111850.140599999576807 ], [ -22493.127000000327826, -111979.148399999365211 ], [ -22491.263700000010431, -112065.835899999365211 ], [ -22451.361299999989569, -112065.789100000634789 ], [ -22414.433600000105798, -112065.734400000423193 ], [ -22339.226599999703467, -112064.101600000634789 ], [ -22260.650399999693036, -112064.117200000211596 ], [ -22227.900399999693036, -112064.882799999788404 ], [ -22206.449199999682605, -112065.375 ], [ -22202.947300000116229, -112065.625 ], [ -22153.197300000116229, -112066.375 ], [ -22149.994099999777973, -112067.117200000211596 ], [ -22070.744099999777973, -112066.875 ], [ -22067.265599999576807, -112066.875 ], [ -22003.015599999576807, -112066.625 ], [ -21997.6875, -112066.375 ], [ -21971.513700000010431, -112066.125 ], [ -21954.591799999587238, -112065.875 ], [ -21931.097699999809265, -112065.75 ], [ -21927.755900000222027, -112057.132799999788404 ], [ -21890.347699999809265, -111989.554700000211596 ], [ -21887.597699999809265, -111980.265599999576807 ], [ -21887.046900000423193, -111973.039100000634789 ], [ -21887.597699999809265, -111839.429700000211596 ], [ -21888.697300000116229, -111827.570299999788404 ], [ -21890.347699999809265, -111818.281199999153614 ], [ -21893.648400000296533, -111807.960899999365211 ], [ -21927.757799999788404, -111700.664100000634789 ], [ -21929.957000000402331, -111691.890599999576807 ], [ -21931.607400000095367, -111668.679700000211596 ], [ -21931.607400000095367, -111653.718699999153614 ], [ -21952.294900000095367, -111653.476600000634789 ], [ -21975.923799999989569, -111653.351600000634789 ], [ -21975.650399999693036, -111577.515599999576807 ], [ -21975.755900000222027, -111557.320299999788404 ], [ -21967.144500000402331, -111557.234400000423193 ], [ -21932.046900000423193, -111557.390599999576807 ], [ -21932.0625, -111561.125 ], [ -21896.912100000306964, -111561.570299999788404 ], [ -21888.404299999587238, -111561.617200000211596 ], [ -21888.404299999587238, -111582.109400000423193 ], [ -21888.404299999587238, -111598.359400000423193 ], [ -21888.404299999587238, -111653.367200000211596 ], [ -21887.160199999809265, -111657.75 ], [ -21886.912100000306964, -111669.906199999153614 ], [ -21886.671900000423193, -111678.781199999153614 ], [ -21886.416000000201166, -111682.664100000634789 ], [ -21885.828099999576807, -111685.218699999153614 ], [ -21881.753899999894202, -111697.445299999788404 ], [ -21879.851599999703467, -111705.601600000634789 ], [ -21877.988300000317395, -111712.156199999153614 ], [ -21877.773400000296533, -111734.625 ], [ -21854.220700000412762, -111734.531199999153614 ], [ -21844.794900000095367, -111734.492200000211596 ], [ -21844.752000000327826, -111743.828099999576807 ], [ -21844.654299999587238, -111764.476600000634789 ], [ -21844.654299999587238, -111770.445299999788404 ], [ -21844.904299999587238, -111871.445299999788404 ], [ -21844.404299999587238, -111876.1875 ], [ -21844.148400000296533, -111917.281199999153614 ], [ -21844.404299999587238, -111922.375 ], [ -21844.404299999587238, -111977.875 ], [ -21844.154299999587238, -111983.875 ], [ -21844.154299999587238, -112002.726600000634789 ], [ -21844.154299999587238, -112013.507799999788404 ], [ -21853.435499999672174, -112013.617200000211596 ], [ -21877.093700000084937, -112013.914100000634789 ], [ -21876.863300000317395, -112065.359400000423193 ], [ -21873.277300000190735, -112065.625 ], [ -21853.199199999682605, -112065.875 ], [ -21813.279299999587238, -112066.375 ], [ -21807.335900000296533, -112065.875 ], [ -21807.866399999707937, -112074.423499999567866 ], [ -21807.814100000075996, -112095.920800000429153 ], [ -21803.086099999956787, -112095.997899999842048 ], [ -21802.787100000306964, -112147.515599999576807 ], [ -21802.884800000116229, -112167.304500000551343 ], [ -21818.142599999904633, -112167.062300000339746 ], [ -21871.517599999904633, -112167.062300000339746 ], [ -21877.603900000452995, -112166.99210000038147 ], [ -21887.471699999645352, -112166.878200000151992 ], [ -21891.871399999596179, -112166.82799999974668 ], [ -21916.875, -112166.538799999281764 ], [ -21931.0625, -112166.273199999704957 ], [ -21931.074199999682605, -112168.327899999916553 ], [ -21955.417999999597669, -112168.07010000012815 ], [ -21974.650000000372529, -112167.863800000399351 ], [ -21990.373100000433624, -112167.69510000012815 ], [ -22018.786600000225008, -112168.261499999091029 ], [ -22064.853500000201166, -112169.179500000551343 ], [ -22075.995400000363588, -112169.278599999845028 ], [ -22163.283200000412762, -112170.054700000211596 ], [ -22165.111299999989569, -112174.343699999153614 ], [ -22179.161199999973178, -112174.552799999713898 ], [ -22200.408200000412762, -112174.86710000038147 ], [ -22231.644500000402331, -112174.453099999576807 ], [ -22231.666000000201166, -112170.921700000762939 ], [ -22231.666000000201166, -112170.914000000804663 ], [ -22231.99959999974817, -112150.940899999812245 ], [ -22232.263700000010431, -112135.125 ], [ -22340.990199999883771, -112132.007799999788404 ], [ -22348.140599999576807, -112131.804700000211596 ], [ -22450.818400000222027, -112133.406199999153614 ], [ -22450.816399999894202, -112178.820299999788404 ], [ -22451.591901638705167, -112178.84243133146083 ], [ -22585.400860205892968, -112117.155656505041406 ] ] ] ] } },
{ "type": "Feature", "properties": { "ID": 1127.0, "用途_1": "第二種住居地域", "高度_1": "15m 第2種高度地区", "容積率": 200, "建ぺい": 60 }, "geometry": { "type": "MultiPolygon", "coordinates": [ [ [ [ -19972.139532018616592, -109290.145478696402279 ], [ -19895.406812350065593, -109427.161608649199479 ], [ -19829.660795704228804, -109569.775743398116902 ], [ -19775.306828136494005, -109717.108619378399453 ], [ -19740.593707257961796, -109840.192061731213471 ], [ -19815.054700000211596, -109848.695299999788404 ], [ -19839.195299999788404, -109851.328099999576807 ], [ -19842.472699999809265, -109851.453099999576807 ], [ -19853.031200000084937, -109852.781199999153614 ], [ -19876.757799999788404, -109853.406199999153614 ], [ -19930.042999999597669, -109852.546900000423193 ], [ -19944.474600000306964, -109852.0 ], [ -19974.464800000190735, -109849.851600000634789 ], [ -19991.734400000423193, -109847.664100000634789 ], [ -20010.238300000317395, -109845.375 ], [ -20013.468700000084937, -109844.148399999365211 ], [ -20017.068400000222027, -109843.710899999365211 ], [ -20038.279299999587238, -109841.117200000211596 ], [ -20064.810499999672174, -109837.421900000423193 ], [ -20105.265599999576807, -109831.984400000423193 ], [ -20119.685499999672174, -109829.828099999576807 ], [ -20123.349600000306964, -109829.281199999153614 ], [ -20131.002000000327826, -109828.25 ], [ -20146.497999999672174, -109827.023399999365211 ], [ -20158.919900000095367, -109826.664100000634789 ], [ -20164.835900000296533, -109825.414100000634789 ], [ -20169.585900000296533, -109824.531199999153614 ], [ -20179.080099999904633, -109825.75 ], [ -20207.769500000402331, -109827.156199999153614 ], [ -20207.292999999597669, -109822.140599999576807 ], [ -20207.340400000102818, -109822.1418999992311 ], [ -20207.332700000144541, -109822.061200000345707 ], [ -20212.55559999961406, -109822.208399999886751 ], [ -20194.222699999809265, -109608.023399999365211 ], [ -20125.458999999798834, -109605.890599999576807 ], [ -20113.673799999989569, -109604.992200000211596 ], [ -20094.457000000402331, -109603.531199999153614 ], [ -20086.919900000095367, -109601.101600000634789 ], [ -20087.070299999788404, -109495.843699999153614 ], [ -20086.894500000402331, -109400.734400000423193 ], [ -20086.888700000010431, -109257.546900000423193 ], [ -20077.263700000010431, -109257.398399999365211 ], [ -20048.565999999642372, -109256.951899999752641 ], [ -20039.475700000301003, -109256.810399999842048 ], [ -20029.13399999961257, -109256.64949999935925 ], [ -20016.317400000058115, -109256.450099999085069 ], [ -20008.701100000180304, -109256.331499999389052 ], [ -20007.800699999555945, -109256.317500000819564 ], [ -20001.02240000013262, -109256.21199999935925 ], [ -19997.900799999944866, -109256.163499999791384 ], [ -19994.877003160436288, -109256.116448357119225 ], [ -19972.139532018616592, -109290.145478696402279 ] ] ], [ [ [ -19702.043179536525713, -110022.27367804782989 ], [ -19700.463462033003452, -110035.620643844042206 ], [ -19711.785199999809265, -110036.25 ], [ -19711.037200000137091, -110050.613099999725819 ], [ -19711.026300000026822, -110054.57010000012815 ], [ -19726.701799999922514, -110049.256400000303984 ], [ -19745.421299999579787, -110044.766100000590086 ], [ -19746.466799999587238, -110041.8125 ], [ -19755.335900000296533, -110014.515599999576807 ], [ -19756.832000000402331, -110009.867200000211596 ], [ -19757.521499999798834, -109999.757799999788404 ], [ -19757.716799999587238, -109996.882799999788404 ], [ -19759.408200000412762, -109970.843699999153614 ], [ -19779.502000000327826, -109970.328099999576807 ], [ -19826.115199999883771, -109965.289100000634789 ], [ -19856.580099999904633, -109960.218699999153614 ], [ -19855.824199999682605, -109946.617200000211596 ], [ -19853.953099999576807, -109928.109400000423193 ], [ -19853.771499999798834, -109926.109400000423193 ], [ -19833.505900000222027, -109926.648399999365211 ], [ -19827.191399999894202, -109926.851600000634789 ], [ -19809.068400000222027, -109921.8125 ], [ -19783.195299999788404, -109920.343699999153614 ], [ -19782.052699999883771, -109917.679700000211596 ], [ -19770.503899999894202, -109916.257799999788404 ], [ -19753.267599999904633, -109914.164100000634789 ], [ -19738.738300000317395, -109912.781199999153614 ], [ -19724.111197009264288, -109911.330262294199201 ], [ -19702.043179536525713, -110022.27367804782989 ] ] ] ] } },
{ "type": "Feature", "properties": { "ID": 1128.0, "用途_1": "第二種住居地域", "高度_1": "15m 第2種高度地区", "容積率": 200, "建ぺい": 60 }, "geometry": { "type": "MultiPolygon", "coordinates": [ [ [ [ -20095.044900000095367, -110013.265599999576807 ], [ -20068.644500000402331, -110036.593699999153614 ], [ -20068.832000000402331, -110042.679700000211596 ], [ -20054.943400000222027, -110054.359400000423193 ], [ -20052.252000000327826, -110056.625 ], [ -20053.130900000222027, -110063.960899999365211 ], [ -20036.556599999777973, -110065.835899999365211 ], [ -20037.740199999883771, -110074.593699999153614 ], [ -20034.851599999703467, -110074.921900000423193 ], [ -19934.763700000010431, -110086.156199999153614 ], [ -19935.904299999587238, -110120.710899999365211 ], [ -19944.294900000095367, -110139.429700000211596 ], [ -19951.263700000010431, -110140.710899999365211 ], [ -19959.222699999809265, -110138.039100000634789 ], [ -19958.496100000105798, -110133.218699999153614 ], [ -19977.570299999788404, -110129.421900000423193 ], [ -19982.134800000116229, -110148.320299999788404 ], [ -19985.875, -110167.289100000634789 ], [ -19993.271499999798834, -110204.960899999365211 ], [ -20015.507799999788404, -110201.953099999576807 ], [ -20034.462899999693036, -110199.359400000423193 ], [ -20081.316399999894202, -110191.625 ], [ -20086.027300000190735, -110223.1875 ], [ -20088.968700000084937, -110245.546900000423193 ], [ -20075.880900000222027, -110246.890599999576807 ], [ -20078.822300000116229, -110265.859400000423193 ], [ -20080.927699999883771, -110279.398399999365211 ], [ -19978.300800000317395, -110298.257799999788404 ], [ -19979.566399999894202, -110301.921900000423193 ], [ -19993.849600000306964, -110340.406199999153614 ], [ -19996.777300000190735, -110342.734400000423193 ], [ -20000.050800000317395, -110345.773399999365211 ], [ -20003.343700000084937, -110348.164100000634789 ], [ -20016.283200000412762, -110349.304700000211596 ], [ -20040.927699999883771, -110346.382799999788404 ], [ -20099.765599999576807, -110333.921900000423193 ], [ -20121.867200000211596, -110330.875 ], [ -20226.072300000116229, -110310.242200000211596 ], [ -20220.916000000201166, -110261.5625 ], [ -20217.416000000201166, -110261.898399999365211 ], [ -20214.322300000116229, -110230.343699999153614 ], [ -20195.976599999703467, -110233.023399999365211 ], [ -20182.669900000095367, -110234.609400000423193 ], [ -20169.894500000402331, -110236.515599999576807 ], [ -20156.392599999904633, -110238.398399999365211 ], [ -20145.289099999703467, -110176.476600000634789 ], [ -20130.513700000010431, -110178.5 ], [ -20125.974600000306964, -110141.3125 ], [ -20123.888700000010431, -110124.226600000634789 ], [ -20106.962899999693036, -110125.976600000634789 ], [ -20106.185499999672174, -110116.632799999788404 ], [ -20061.048799999989569, -110121.109400000423193 ], [ -20062.794900000095367, -110140.945299999788404 ], [ -20042.642599999904633, -110143.898399999365211 ], [ -20038.664099999703467, -110109.625 ], [ -20037.039099999703467, -110094.257799999788404 ], [ -20065.667999999597669, -110089.0625 ], [ -20064.359400000423193, -110076.882799999788404 ], [ -20071.222699999809265, -110076.125 ], [ -20072.101599999703467, -110080.171900000423193 ], [ -20091.775399999693036, -110079.203099999576807 ], [ -20098.667999999597669, -110075.1875 ], [ -20105.796900000423193, -110069.148399999365211 ], [ -20129.529299999587238, -110043.796900000423193 ], [ -20095.044900000095367, -110013.265599999576807 ] ] ] ] } },
{ "type": "Feature", "properties": { "ID": 633.0, "用途_1": "商業地域", "高度_1": "15m 第4種高度地区", "容積率": 600, "建ぺい": 80 }, "geometry": { "type": "MultiPolygon", "coordinates": [ [ [ [ -21524.349600000306964, -111977.164100000634789 ], [ -21523.968700000084937, -112003.382799999788404 ], [ -21536.747999999672174, -112003.296900000423193 ], [ -21567.003899999894202, -112003.296900000423193 ], [ -21566.314500000327826, -111977.476600000634789 ], [ -21536.298799999989569, -111977.25 ], [ -21524.349600000306964, -111977.164100000634789 ] ] ] ] } },
{ "type": "Feature", "properties": { "ID": 639.0, "用途_1": "商業地域", "高度_1": "31m 第1種高度地区", "容積率": 600, "建ぺい": 80 }, "geometry": { "type": "MultiPolygon", "coordinates": [ [ [ [ -21520.501669271110586, -112328.977275594559615 ], [ -21677.419860726800835, -112335.142608128298889 ], [ -21834.338052182491083, -112328.977275594559615 ], [ -21990.288790807262558, -112310.51928931857401 ], [ -22144.310588438613195, -112279.882448923657648 ], [ -22295.453849476696632, -112237.255640718605719 ], [ -22442.786725456979184, -112182.901673150874558 ], [ -22451.591901638705167, -112178.84243133146083 ], [ -22450.816399999894202, -112178.820299999788404 ], [ -22450.818400000222027, -112133.406199999153614 ], [ -22348.140599999576807, -112131.804700000211596 ], [ -22340.990199999883771, -112132.007799999788404 ], [ -22232.263700000010431, -112135.125 ], [ -22231.666000000201166, -112170.914100000634789 ], [ -22231.644500000402331, -112174.453099999576807 ], [ -22200.408200000412762, -112174.867200000211596 ], [ -22165.111299999989569, -112174.343699999153614 ], [ -22163.283200000412762, -112170.054700000211596 ], [ -22075.995400000363588, -112169.278599999845028 ], [ -22064.853500000201166, -112169.179500000551343 ], [ -22018.786600000225008, -112168.261499999091029 ], [ -21990.373100000433624, -112167.69510000012815 ], [ -21974.650000000372529, -112167.863800000399351 ], [ -21955.417999999597669, -112168.07010000012815 ], [ -21931.074199999682605, -112168.327899999916553 ], [ -21931.0625, -112166.273199999704957 ], [ -21916.875, -112166.538799999281764 ], [ -21891.871399999596179, -112166.82799999974668 ], [ -21887.471699999645352, -112166.878200000151992 ], [ -21877.603900000452995, -112166.99210000038147 ], [ -21871.517599999904633, -112167.062300000339746 ], [ -21818.142599999904633, -112167.062300000339746 ], [ -21802.884800000116229, -112167.304500000551343 ], [ -21802.787100000306964, -112147.515599999576807 ], [ -21803.086099999956787, -112095.997899999842048 ], [ -21807.814100000075996, -112095.920800000429153 ], [ -21807.866399999707937, -112074.423499999567866 ], [ -21807.335900000296533, -112065.875 ], [ -21805.083999999798834, -112065.882799999788404 ], [ -21760.496100000105798, -112066.203099999576807 ], [ -21760.496100000105798, -112066.375 ], [ -21743.656200000084937, -112066.375 ], [ -21738.757799999788404, -112066.375 ], [ -21738.716799999587238, -112066.375 ], [ -21738.726599999703467, -112061.835899999365211 ], [ -21736.744099999777973, -112061.851600000634789 ], [ -21733.796900000423193, -112061.875 ], [ -21670.669900000095367, -112062.375 ], [ -21652.093700000084937, -112062.375 ], [ -21604.345700000412762, -112062.882799999788404 ], [ -21583.181599999777973, -112062.125 ], [ -21568.066399999894202, -112062.375 ], [ -21568.041000000201166, -112061.734400000423193 ], [ -21567.736299999989569, -112061.742200000211596 ], [ -21481.195299999788404, -112061.929700000211596 ], [ -21480.681599999777973, -112077.117200000211596 ], [ -21483.664099999703467, -112144.5 ], [ -21483.664099999703467, -112148.882799999788404 ], [ -21483.664099999703467, -112153.382799999788404 ], [ -21483.552699999883771, -112176.390599999576807 ], [ -21483.650399999693036, -112196.804700000211596 ], [ -21483.365199999883771, -112200.234400000423193 ], [ -21484.414099999703467, -112226.484400000423193 ], [ -21484.414099999703467, -112243.304700000211596 ], [ -21483.935499999672174, -112265.367200000211596 ], [ -21483.660199999809265, -112269.765599999576807 ], [ -21483.848799999803305, -112308.880400000140071 ], [ -21481.552119368669082, -112324.367292571099824 ], [ -21520.501669271110586, -112328.977275594559615 ] ] ] ] } },
{ "type": "Feature", "properties": { "ID": 640.0, "用途_1": "商業地域", "高度_1": "20m 第4種高度地区", "容積率": 400, "建ぺい": 80 }, "geometry": { "type": "MultiPolygon", "coordinates": [ [ [ [ -21481.195299999788404, -112061.929700000211596 ], [ -21436.234400000423193, -112061.8125 ], [ -21414.529299999587238, -112062.273399999365211 ], [ -21398.894500000402331, -112062.273399999365211 ], [ -21354.296900000423193, -112062.531199999153614 ], [ -21313.002000000327826, -112061.8125 ], [ -21312.392599999904633, -112092.25 ], [ -21312.718700000084937, -112102.164100000634789 ], [ -21313.011699999682605, -112111.125 ], [ -21310.435499999672174, -112141.593699999153614 ], [ -21346.218700000084937, -112142.125 ], [ -21365.675800000317395, -112142.632799999788404 ], [ -21380.752000000327826, -112142.75 ], [ -21396.675800000317395, -112142.882799999788404 ], [ -21406.166000000201166, -112142.882799999788404 ], [ -21411.796900000423193, -112142.882799999788404 ], [ -21431.451200000010431, -112143.367200000211596 ], [ -21456.478500000201166, -112144.359400000423193 ], [ -21468.664099999703467, -112144.882799999788404 ], [ -21472.951200000010431, -112144.882799999788404 ], [ -21483.664099999703467, -112144.5 ], [ -21480.681599999777973, -112077.117200000211596 ], [ -21481.195299999788404, -112061.929700000211596 ] ] ] ] } },
{ "type": "Feature", "properties": { "ID": 649.0, "用途_1": "商業地域", "高度_1": "15m 第4種高度地区", "容積率": 400, "建ぺい": 80 }, "geometry": { "type": "MultiPolygon", "coordinates": [ [ [ [ -21312.718700000084937, -112102.164100000634789 ], [ -21294.621100000105798, -112101.953099999576807 ], [ -21294.75, -112113.054700000211596 ], [ -21290.693400000222027, -112141.296900000423193 ], [ -21310.435499999672174, -112141.593699999153614 ], [ -21313.011699999682605, -112111.125 ], [ -21312.718700000084937, -112102.164100000634789 ] ] ] ] } },
{ "type": "Feature", "properties": { "ID": 650.0, "用途_1": "第二種住居地域", "高度_1": "15m 第2種高度地区", "容積率": 200, "建ぺい": 60 }, "geometry": { "type": "MultiPolygon", "coordinates": [ [ [ [ -20912.052995996622485, -112182.901673150874558 ], [ -21000.370780193195969, -112215.483823916176334 ], [ -21002.179700000211596, -112184.406199999153614 ], [ -21002.179700000211596, -112180.75 ], [ -21004.550800000317395, -112159.406199999153614 ], [ -21005.152300000190735, -112153.382799999788404 ], [ -21005.939500000327826, -112136.359400000423193 ], [ -20971.300800000317395, -112138.578099999576807 ], [ -20911.884800000116229, -112142.492200000211596 ], [ -20906.207000000402331, -112143.476600000634789 ], [ -20886.333999999798834, -112147.359400000423193 ], [ -20886.558600000105798, -112153.382799999788404 ], [ -20883.185499999672174, -112153.4375 ], [ -20849.642207161017723, -112154.129905409266939 ], [ -20912.052995996622485, -112182.901673150874558 ] ] ] ] } },
{ "type": "Feature", "properties": { "ID": 497.0, "用途_1": "商業地域", "高度_1": "25m 高度地区", "容積率": 600, "建ぺい": 80 }, "geometry": { "type": "MultiPolygon", "coordinates": [ [ [ [ -23671.254528193057922, -110492.060799583981861 ], [ -23672.295219785781228, -110465.573429811251117 ], [ -23596.210900000296533, -110465.851600000634789 ], [ -23588.236299999989569, -110467.109400000423193 ], [ -23583.791000000201166, -110467.8125 ], [ -23493.871100000105798, -110469.9375 ], [ -23488.872999999672174, -110469.179700000211596 ], [ -23396.257799999788404, -110470.906199999153614 ], [ -23331.130900000222027, -110471.359400000423193 ], [ -23328.345700000412762, -110471.375 ], [ -23199.060499999672174, -110472.632799999788404 ], [ -23168.189500000327826, -110470.984400000423193 ], [ -23103.138700000010431, -110469.851600000634789 ], [ -23080.730499999597669, -110468.195299999788404 ], [ -23046.476599999703467, -110467.890599999576807 ], [ -23046.015599999576807, -110509.960899999365211 ], [ -23039.667999999597669, -110509.843699999153614 ], [ -23038.691399999894202, -110551.203099999576807 ], [ -23163.525399999693036, -110553.703099999576807 ], [ -23179.443400000222027, -110552.507799999788404 ], [ -23256.531200000084937, -110552.335899999365211 ], [ -23331.1875, -110552.195299999788404 ], [ -23381.105499999597669, -110552.367200000211596 ], [ -23457.505900000222027, -110551.953099999576807 ], [ -23494.607400000095367, -110550.742200000211596 ], [ -23590.630900000222027, -110549.257799999788404 ], [ -23664.619387904629548, -110548.120816824637586 ], [ -23671.254528193057922, -110492.060799583981861 ] ] ] ] } }
]
}
